"bounceRate","category","categoryRank","countryRank/Country","countryRank/CountryCode","countryRank/Rank","countryRank.country","countryRank.countryCode","countryRank.rank","description","domain","estimatedMonthlyVisits/2026-01-01","estimatedMonthlyVisits/2026-02-01","estimatedMonthlyVisits/2026-03-01","globalRank","isDataFromGA","pagesPerVisit","screenshot","snapshotDate","timeOnSite","title","topCountryShares/0/Country","topCountryShares/0/CountryCode","topCountryShares/0/Value","topCountryShares/1/Country","topCountryShares/1/CountryCode","topCountryShares/1/Value","topCountryShares/2/Country","topCountryShares/2/CountryCode","topCountryShares/2/Value","topCountryShares/3/Country","topCountryShares/3/CountryCode","topCountryShares/3/Value","topCountryShares/4/Country","topCountryShares/4/CountryCode","topCountryShares/4/Value","topKeywords/0/cpc","topKeywords/0/esitmatedValue","topKeywords/0/name","topKeywords/1/cpc","topKeywords/1/esitmatedValue","topKeywords/1/name","topKeywords/2/cpc","topKeywords/2/esitmatedValue","topKeywords/2/name","topKeywords/3/cpc","topKeywords/3/esitmatedValue","topKeywords/3/name","topKeywords/4/cpc","topKeywords/4/esitmatedValue","topKeywords/4/name","trafficSources/Direct","trafficSources/Mail","trafficSources/Paid Referrals","trafficSources/Referrals","trafficSources/Search","trafficSources/Social","visits"
"0.4767494357370045","home_and_garden/furniture","45","840","US","13929","840","US","13929","At Costway.com we offer various payment options: PayPal, Bank Cards, Klarna, Cards. We accept the following cards: Visa, MasterCard, American Express, Discover, JCB Card.","costway.com","1226837","809936","1158415","45789","false","2.91688971893545","https://site-images.similarcdn.com/image?url=costway.com&t=1&s=1&h=4726d78ed01e7c9cd0db270aa4f1ee02ba96e5a6acdb5277e1426f7583fb8b52","2026-03-01T00:00:00+00:00","106.96179309781634","Email Protection | Cloudflare","840","US","0.6793361278808493","36","AU","0.20693064451634496","528","NL","0.04535496855545735","124","CA","0.007162083119217994","826","GB","0.005444495244823404","0.61","52970","costway","0.8","2660","costaway","0.6","1420","cost way",,"820","jungle gymstep costway","0.95","810","twin murphy bed","0.42471859469559725","0.0020823214446761286","0.027217509434480043","0.057533569115107756","0.4497683988379352","0.03867960645773991","1158415"
"0.4442461778991702","computers_electronics_and_technology/social_networks_and_online_communities","417","840","US","87560","840","US","87560","云鲸NARWAL,立足家用智能清洁电器领域,致力于研发革命性科技产品,同时也是一个倡导""自由自在,有所热爱""的生活方式品牌。我们希望用新科技将人解放出来,让用户过上更自由、有所热爱的生活。","narwal.com","586672","374161","354866","133537","false","2.75941420408217","https://site-images.similarcdn.com/image?url=narwal.com&t=1&s=1&h=43cfbd104099bef9d96f8e89c5541b08995cd13556fb0da3c514af47ab99ab4c","2026-03-01T00:00:00+00:00","132.84785724855783","云鲸智能-官方网站","156","CN","0.27492463621389035","840","US","0.16397841065767424","380","IT","0.07013291901356437","392","JP","0.05551901276095629","124","CA","0.05010433396823355","1.09","25800","narwal",,"6170","云鲸","1.11","3180","narwal flow",,"2280","narwal flow 2","1.89","2050","narwal freo pro","0.44749786572207245","0.0009413932196379043","0.019922076796215493","0.06620280537307459","0.42247786939808657","0.042957989490692024","354866"
"0.509793659056418","lifestyle/beauty_and_cosmetics","19","840","US","2123","840","US","2123","We offer cheap thick prescription glasses online featuring lightweight, vintage wide horn rimmed cat eye eyeglasses including acetate, wooden material eyeglasses, retro sunglasses and 1.75 reading glasses.","zeelool.com","3741332","3451674","4727020","9210","false","5.976698804519007","https://site-images.similarcdn.com/image?url=zeelool.com&t=1&s=1&h=a3f17b2c40be3520169f37e1acd97d65cbddf07e39ae3efc6a1d86bd3c6c418e","2026-03-01T00:00:00+00:00","217.03390891287486","Eyeglasses Online, Prescription Glasses Affordable | Zeelool","840","US","0.705742561975853","826","GB","0.07042770355437322","124","CA","0.053105415507551636","630","PR","0.050809094364394666","276","DE","0.015564412724520575","1.31","166560","zeelool","1.23","82780","zenni","1.5","28130","eyebuydirect","1.03","27720","firmoo","1.14","16050","zenni optical","0.5173109989798228","0.0019145886962146576","0.016801160489132598","0.041460827300112045","0.3471738673014543","0.07533855722395776","4727020"
"0","",,,,,,,,,"ugars.com","0","0","0",,"false","0","https://site-images.similarcdn.com/image?url=ugars.com&t=1&s=1&h=62ca8e2f1a9330828eda2121e7a3842718f92e5676f834a14a02fdd1f4380fd4","2026-03-01T00:00:00+00:00","0",,,,,,,,,,,,,,,,,,,,,,,,,,,,,,,,"0","0","0","0","0","0","0"
"0.4746876308158186","home_and_garden/furniture","56","840","US","16639","840","US","16639","The World's Best-selling Standing Desk, Ranked #1 on TechRadar. Free shipping, 30-day no-risk Free Returns, up to 15 Year Warranty.","flexispot.com","885920","623611","825563","63325","false","2.726198125693013","https://site-images.similarcdn.com/image?url=flexispot.com&t=1&s=1&h=3e8cd8c140321a2d13f90a332f899b284d1a2760c5982c65a0c187d57e5db240","2026-03-01T00:00:00+00:00","103.43246359799078","Standing Desk - Height Adjustable Desks for Sale | FlexiSpot","840","US","0.7214996207475523","356","IN","0.01769842285141677","124","CA","0.01509027659969521","826","GB","0.011406158696004063","620","PT","0.011008551362339124","0.98","59190","flexispot","1.78","13530","standing desk","1.48","5970","flexispot e7","0.99","5760","flexispot standing desk","3.48","2370","japanese joinery bed frame","0.39251478015091107","0.0012551430027344227","0.012901367837639892","0.05030786299026388","0.4435215131990789","0.0994993328190116","825563"
"0.4865507973978182","hobbies_and_leisure/photography","92","840","US","36170","840","US","36170","This privacy policy has been compiled to better serve those who are concerned with how their “Personally Identifiable Information” (PII) is being used online. PII, as described in US privacy law and information security, is information that can be used on its own or with other information to identify, contact, or locat","neewer.com","759272","639621","750166","66367","false","3.2006701275017897","https://site-images.similarcdn.com/image?url=neewer.com&t=1&s=1&h=700ea934e7b3eed2c6171abab24a8451f43150e5beb739b816da6f31a414f746","2026-03-01T00:00:00+00:00","132.02671418717952","Privacy Policy","840","US","0.3150555911336472","643","RU","0.07588747237397392","826","GB","0.06594260499962767","36","AU","0.05707393407215476","250","FR","0.051144659436552185","1.07","37050","neewer","1.41","1620","neweer","1.15","1310","neewer teleprompter","0.76","1260","neewer lights","0.26","980","ring light","0.3741604486061526","0.0012702111228500305","0.006303021624591012","0.046207364435750874","0.5149687846437605","0.057090169566336266","750166"
"0.4641584614903082","home_and_garden/furniture","367","840","US","105312","840","US","105312","Sihoo Doro S300 ""Gravity-Defying"" Ergonomic Chair

Featuring the groundbreaking Anti-Gravity Mechanism crafted with aerospace-grade glass fiber, Sihoo Doro S300 offers an unparalleled reclining experience and coordinated support for the full body. With dual dynamic lumbar support, a spacious headrest, and having won the German Design Award 2023, Sihoo Doro S300 redefines seating comfort.","sihoooffice.com","357031","278136","392968","120704","false","2.825377320910607","https://site-images.similarcdn.com/image?url=sihoooffice.com&t=1&s=1&h=da217c2303e766de5acb236f4d9f88d10c29dbbc70bd6d0be6ba6d33488fd8f8","2026-03-01T00:00:00+00:00","116.43763655818113","Sihoo Doro S300 ""Gravity-Defying"" Ergonomic Chair for Premium Comfort","250","FR","0.177941240434974","840","US","0.17318983884548686","826","GB","0.12895026731423886","724","ES","0.07106707009928566","124","CA","0.04609453499961391","0.95","27410","sihoo","1.35","9240","sihoo doro c300","0.87","6260","sihoo m57","1.27","4160","sihoo m18","0.97","3640","chaise ergonomique","0.37835571581249505","0.0014230179119378724","0.015962631970023743","0.062332196640379055","0.4844547513352287","0.057471686329834494","392968"
"0","",,,,,,,,"","lafen.com","0","0","0",,"false","0","https://site-images.similarcdn.com/image?url=lafen.com&t=1&s=1&h=9de58773802ead79d431969218674f951b4b7b37bc25a6a01f737d786803ad75","2026-03-01T00:00:00+00:00","0","lafen.com - the domain is available for purchase",,,,,,,,,,,,,,,,,,,,,,,,,,,,,,,"0","0","0","0","0","0","0"
"0.3803657735562515","games/video_games_consoles_and_accessories","1771","840","US","56638","840","US","56638","founded in 2020, ayaneo is a revolutionary brand for portable gaming consoles. our team consists of passionate gamers and tech-savvy experts who want to provide gamers with the most advanced and up-to-date gaming experiences. we’ve developed a line of powerful and portable gaming handhelds, with the latest windows operating system and the latest gaming technologies pre-installed. our motto, “real gamers know gamers,” reflects our commitment to creating a community of gamers around the world, while providing the best gaming experiences to gamers everywhere. we are constantly challenging the status quo, innovating and creating products that push the boundaries of gaming technology, so that gamers can always have the best experience.","ayaneo.com","604693","645736","558952","83284","false","3.1594765776784843","https://site-images.similarcdn.com/image?url=ayaneo.com&t=1&s=1&h=d2f1cf42bcc5d81b75993ea2b3baf290772dc0a503b438511f306040937f933e","2026-03-01T00:00:00+00:00","120.69994797679821","Store - AYANEO","840","US","0.30889065365131213","826","GB","0.08238594984906826","124","CA","0.040004587913559084","276","DE","0.03148526088580951","250","FR","0.027846591538720756","0.36","39570","ayaneo","1.16","22030","ayaneo pocket ds","0.95","16950","ayaneo pocket air mini","1.9","10080","konkr pocket fit","0.1","7540","ayaneo pocket evo","0.3544461783142663","0.000498466523231621","0.006490158746283601","0.05455425068484389","0.5345286627636294","0.04936277883649297","558952"
"0.40260332647412567","arts_and_entertainment/performing_arts","105","840","US","56091","840","US","56091","Introducing Project Aura —XREAL's first tethered XR glasses built with Google for Android XR. Featuring the X1S chip, 70° FOV optical see-through display, and a lightweight split-compute design — with developer tools live now and dev kits coming ahead of its 2026 launch.","xreal.com","1173593","791215","685026","72088","false","3.0789495139454504","https://site-images.similarcdn.com/image?url=xreal.com&t=1&s=1&h=e22c3c6226054be57126342c157d220ad6747e8a28248e3fb44fe580e0bbd154","2026-03-01T00:00:00+00:00","142.37417286644478","First Look: Project Aura — The Next Step in XR  for Android XR and Gemini","840","US","0.26771994294514284","392","JP","0.10647939860467709","156","CN","0.06869050921359343","826","GB","0.04813396318951393","276","DE","0.031243051827268085","0.39","60790","xreal","0.5","41660","xreal one pro","0.54","18980","xreal 1s",,"6410","arグラス","0.19","5610","xreal air 2","0.4156681665104653","0.0008816856053674433","0.012218942910343861","0.06277338617234691","0.4802255514380877","0.02823226736329584","685026"
"0.40595917505678913","computers_electronics_and_technology/consumer_electronics","35","840","US","5386","840","US","5386","Discover Anker and shop chargers, batteries, hubs, docks, portable power stations, conferencing gear, and more.","anker.com","5006274","3887612","4165969","13249","false","3.296319876205928","https://site-images.similarcdn.com/image?url=anker.com&t=1&s=1&h=973d9456a30976920b8504f198979572b431d5ac9bf08c3f3c4b7e434094409d","2026-03-01T00:00:00+00:00","119.11198276891403","Anker | Live Charged.","840","US","0.4372916351650215","276","DE","0.08757934602374155","826","GB","0.06750383761506801","36","AU","0.03475180513411578","124","CA","0.034561404730132694","0.3","446930","anker","0.45","41180","anker power bank","0.53","13240","anker charger","0.43","7250","앤커","0.3","5960","anker powerbank","0.4075740005071865","0.0009971514508008987","0.013919713876408207","0.07220064129406568","0.4890494288939185","0.01625906397699137","4165969"
"0.39608147718808856","lifestyle/fashion_and_apparel","2","840","US","85","840","US","85","exclusive discounts and the latest trends at shein — women's dresses, tops, bottoms, shoes, plus size and more. ✓ free shipping on orders $49+ ✓ app only. 10% off with no min.+✓easy returns ✓ new arrivals dropped daily ✓","shein.com","313905366","320156380","334748871","89","false","5.223301818412437","https://site-images.similarcdn.com/image?url=shein.com&t=1&s=1&h=ecbcb2231129b025f05b5e745e5933090e0485eba3f0bccfa89960e81ef03819","2026-03-01T00:00:00+00:00","293.1185208112548","Women's Clothing, Women Fashion Sale | SHEIN USA","840","US","0.3283905425745283","76","BR","0.11231001118135783","724","ES","0.05492931992468069","250","FR","0.04937858642794714","124","CA","0.045568924659968923","1.14","24208250","shein","1.21","610510","shien","0.4","575430","شي ان","0.61","514060","シーイン","0.6","298680","シーン","0.5330811076127719","0.0022976788162957468","0.0112661112923539","0.023399631250356826","0.40425919358881535","0.02569627743940607","334748871"
"1","computers_electronics_and_technology/computers_electronics_and_technology",,,,,,,,"Discover Doogee and shop rugged phones, smartphones, tablets, smartwatch, portable, and more.","doogee.cc","1009","74","237","14880952","false","1","https://site-images.similarcdn.com/image?url=doogee.cc&t=1&s=1&h=5e5e0ccae41fb6cc6de4b5829a18a29850fe274d278446141cb833a4b9bc3da1","2026-03-01T00:00:00+00:00","0","FAQ",,,,,,,,,,,,,,,,,,,,,,,,,,,,,,,"0","0","0","0","0","0","237"
"0.5538050837918058","lifestyle/childcare","10","840","US","5908","840","US","5908","Discover the best wearable breast pumps and comfort breastfeeding nursing bras at Momcozy. Cozy designs born from love.","momcozy.com","3102688","2885517","3424386","16132","false","3.2924215360293005","https://site-images.similarcdn.com/image?url=momcozy.com&t=1&s=1&h=314756d04178f464ee609594ee266a69470bf95af779a4cacb3e47a4bf550eb8","2026-03-01T00:00:00+00:00","79.73560468554727","Baby Milestones","840","US","0.4877460190890446","124","CA","0.0538684525944817","250","FR","0.03941018249382113","826","GB","0.03407958569957133","276","DE","0.023684085205869017","0.98","358780","momcozy","1.04","18670","momcozy bottle washer","1.3","13640","mom cozy",,"11610","dewaun","0.38","5300","tire lait momcozy","0.4322938912317804","0.0020754769635660496","0.01268152908517077","0.04568192871199961","0.4704354084935546","0.036831765511479396","3424386"
"0.944017423803703","home_and_garden/home_and_garden","766","616","PL","73853","616","PL","73853","Szukasz kasyna z płatnościami w bitcoin? Sprawdź nasz ranking, porównanie ofert i prosty poradnik, jak zacząć grać za kryptowaluty!","dreame-technology.com","638","1429","7520","3108192","false","1.1847118621691786","https://site-images.similarcdn.com/image?url=dreame-technology.com&t=1&s=1&h=3e7c3179dbc51197eaa4bdf2dc590f576c5d34448d554e3ba1e0ee15fe09eae4","2026-03-01T00:00:00+00:00","32.84892422983655","Bitcoin kasyna: ranking 2026 + jak grać w kasynie z krypto","616","PL","1",,,,,,,,,,,,,"2.58","0","book of ra",,,,,,,,,,,,,"0.7551370906174139","0.0012403024896775253","0.016975977054470067","0.03643210548004017","0.12368893938373336","0.0664754775656258","7520"
"0.5565040175694806","sports/cycling_and_biking",,,,,,,,"PRIVACY STATEMENT We take your privacy seriously and this privacy statement explains how engwe-bikes.com (collectively, “we,” “us,” or “our”) collect, use, share and process your information. Collection and Use of Personal Data Personal data is information that can be used to directly or indirectly identify you. Person","engwe-bikes.com","23278","881","674",,"false","1.6235789121416442","https://site-images.similarcdn.com/image?url=engwe-bikes.com&t=1&s=1&h=e80b5b92c95152442cad3c80bbecbdefb226d0b8652c2ff5ef5dccd2559c938b","2026-03-01T00:00:00+00:00","546.4580176308108","Privacy Policy",,,,,,,,,,,,,,,,"0.89","0","engwe","1.04","0","moped style ebike","1.52","0","engwe l20","1.73","0","electric bike manufacturer","1.33","0","top ebike brands","0","0","0","0","0","0","674"
"0","",,,,,,,,"跟踪机构持股、机构调研，专注价值  - iniu.com ","iniu.com","0","0","0",,"false","0","https://site-images.similarcdn.com/image?url=iniu.com&t=1&s=1&h=f60753857ff3c6e74006d2a96620e1cb7bd563f463070d0425b91e75d7ba4816","2026-03-01T00:00:00+00:00","0","i牛股票 - iniu.com",,,,,,,,,,,,,,,,,,,,,,,,,,,,,,,"0","0","0","0","0","0","0"
"0.4419382623993015","home_and_garden/home_and_garden","510","840","US","42890","840","US","42890","Discover COSORI's line of home cooking essentials such as air fryers, toaster ovens, food dehydrators, rice cookers, pressure cookers, kettles, and a collection of delicious recipes to go with them.","cosori.com","527785","405360","336219","139603","false","2.5280088026927388","https://site-images.similarcdn.com/image?url=cosori.com&t=1&s=1&h=4559d5c042410c94d92357de5a1af40736a4ffca4c3e6ae665a742c617df72f4","2026-03-01T00:00:00+00:00","82.10509715593159","Legal","840","US","0.6132653396454784","124","CA","0.0497785419786752","344","HK","0.0413526949892469","156","CN","0.016767440793766672","528","NL","0.014808332896324689","0.44","17680","cosori","0.5","14320","cosori air fryer","0.3","5020","air fryer","0.37","2740","rice cooker","0.76","2620","cosori rice cooker","0.47864788675240416","0.0021191627480752462","0.01600695314209422","0.055663100200710386","0.41523805894116894","0.032324838186873435","336219"
"0.4618302187214584","sports/sports","6795","840","US","470752","840","US","470752","NiteRider Technical Lighting products are sold in the United States through a network of authorized dealers selected by NiteRider. You can locate one near you through the official dealer locator below. International customers, please visit our International Distributor list page.","niterider.com","25751","18230","16498","1425630","false","2.165625712400257","https://site-images.similarcdn.com/image?url=niterider.com&t=1&s=1&h=297108f80dce8d01c75e4514968d89274dba1cb59a18919b0b9fa1ea42b73794","2026-03-01T00:00:00+00:00","44.323568829132334","FIND A DEALER","840","US","0.6478235205800303","484","MX","0.17569768564628607","826","GB","0.05466739519474465","250","FR","0.047555042893051645","124","CA","0.042339652994621474","0.79","1210","niterider","0.99","300","niterider swift 500",,"270","nightrider ebike lights",,"220","mtb bike light night rider review",,"210","1/4 thread to durible 2500 lumen bike light","0.4275016080753361","0.0010546957087806958","0.009178319641185472","0.05425632305546191","0.456246799279855","0.05176225423868693","16498"
"0.6049742847248626","computers_electronics_and_technology/computers_electronics_and_technology","109","276","DE","3436","276","DE","3436","Roborock's intelligent automatic robot vacuum cleaners turn time spent vacuuming and mopping into free time for you to spend on the better things in life.","roborock.com","3795877","2575822","3309715","17668","false","2.9030671535383474","https://site-images.similarcdn.com/image?url=roborock.com&t=1&s=1&h=782726e7ee5c539220e4182457d13d9b471213cc2ff0d044cec517721c38cef0","2026-03-01T00:00:00+00:00","95.7840733840003","Intelligent Robot Vacuum Cleaner and Mop","840","US","0.2697581632204149","156","CN","0.14479134176705363","276","DE","0.10506333678908132","792","TR","0.059279386365411454","250","FR","0.040272227229058065","0.5","300190","roborock",,"21910","로보락","0.5","20460","robo rock","0.83","14000","roborock saros 10r","1.03","12150","roborock saros 20","0.3821711437998062","0.0008266119357279597","0.01875737523994319","0.05466742715751187","0.526919078932442","0.01665836293446192","3309715"
"0.3722898472379778","computers_electronics_and_technology/computers_electronics_and_technology","99","276","DE","3142","276","DE","3142","discover the best resin and fdm 3d printers, filaments, accessories and software on anycubic. elevate your printing projects with top-quality materials. ","anycubic.com","2105738","1851273","2064668","25437","false","3.7778395446648845","https://site-images.similarcdn.com/image?url=anycubic.com&t=1&s=1&h=3d26f9e392afbbc4681b2468c6adf56257aae2dc56e3e6ea72c89fc0cd8c6a68","2026-03-01T00:00:00+00:00","140.67648891014937","Anycubic 3D Printer | For Freedom to Make","276","DE","0.23431881723050604","840","US","0.19750471293606697","250","FR","0.06298901907399233","156","CN","0.04725069495241983","124","CA","0.04681153832142961","0.93","134050","anycubic","1.28","31430","anycubic kobra x","0.81","18080","anycubic slicer","1.41","8950","kobra x","0.95","8060","any cubic","0.38366286012172457","0.0017863716079172017","0.015876848509277206","0.06545554105516957","0.5116496069647255","0.021568771741109462","2064668"
"0.46366725837332173","computers_electronics_and_technology/computer_hardware","24","840","US","11307","840","US","11307","xTool introduces its benchmark diode laser cutter now. With a 40W laser power, multiple laser heads and positioning and focus methods, it perfectly suits the needs of small business owners. It also features unparalleled safety and is compatible with other accessories.","xtool.com","2142879","1627447","1729355","32610","false","3.045303411624456","https://site-images.similarcdn.com/image?url=xtool.com&t=1&s=1&h=6139bc6134f1c88f83caff34fcfe31c4c279660ca643623feb56ecce2f747090","2026-03-01T00:00:00+00:00","166.99255356500672","xTool S1 Enclosed Diode Laser Cutter","840","US","0.47014848111258606","276","DE","0.0976343147683924","250","FR","0.09063104863376649","826","GB","0.045181907975315266","124","CA","0.03723187120593202","0.64","156260","xtool","0.72","6780","xtool p3","0.95","6340","xtools","0.72","5410","xtool f2","0.94","4360","xtool uv printer","0.4659378928089283","0.0016727328454744022","0.01578197583868878","0.053707154443798026","0.4047618376644885","0.058138406398617594","1729355"
"0.46565377306989303","pets_and_animals/pet_food_and_supplies",,,,,,,,"All orders are shipped within five (5) business days of receipt of order Monday through Friday (8am to 5pm local time). Orders placed between 4pm and 5pm local time on Fridays will be processed the following Monday. We use the United States Postal Service and FedEx to deliver our orders. If the shipping carrier provide","petkit.com","219133","143429","169268",,"false","2.267584042263818","https://site-images.similarcdn.com/image?url=petkit.com&t=1&s=1&h=d768f55e30390730a00d0aff1d4481d97c6d1e7ba408ad8e8d328270629acd9d","2026-03-01T00:00:00+00:00","51.20674204654151","SHIPPING POLICY","840","US","0.4311064794722754","792","TR","0.04881886055528091","276","DE","0.04088317943480546","643","RU","0.03351068178661435","826","GB","0.029513871417393107","0.84","21960","petkit","0.95","1530","petkit pura max","2.44","1370","petkir","1.09","680","cat water fountain","1.82","530","petkit automatic litter box","0.4467188659447653","0.0017191448458850017","0.017247553795560294","0.06258246207373654","0.430110349565652","0.041564132973016685","169268"
"0.42935963471587546","computers_electronics_and_technology/consumer_electronics","143","840","US","28708","840","US","28708","FAQ","eufylife.com","1005581","894147","966496","57574","false","2.8214742890496476","https://site-images.similarcdn.com/image?url=eufylife.com&t=1&s=1&h=5b52ff084bc2933dc68439bad344e1e46011faed1e4308dc1be80891194bc710","2026-03-01T00:00:00+00:00","136.634704088005","FAQ - eufy Deutschland - eufy","840","US","0.5059788657404736","826","GB","0.10959918267746409","528","NL","0.06129674682714593","36","AU","0.060564005076121856","276","DE","0.053621816736182756","0.7","7550","eufy","0.53","4010","eufy login","0.6","3090","eufy web portal","0.8","1490","eufy security","0.95","840","eufy security login","0.6487445674789529","0.002391149171895325","0.005243914374971363","0.06831405432770622","0.264188501389287","0.011002825610134223","966496"
"0.4270972189585157","computers_electronics_and_technology/consumer_electronics","202","840","US","40528","840","US","40528","Buying high-quality phone cases from our online store, they are meticulously crafted with the finest materials to prevent falls and scratches. Limited-time purchase！","torraslife.com","619047","457997","1055114","49175","false","3.4442685934848205","https://site-images.similarcdn.com/image?url=torraslife.com&t=1&s=1&h=0e64d37905f36041a118702c445bc7c8f84e95f020120cdb211ea29b9282bd5d","2026-03-01T00:00:00+00:00","135.20515090535318","Phone Cases & Phone Cover & Cell Phone Cases | TORRAS","840","US","0.25841589730822384","380","IT","0.10158089614198008","36","AU","0.06345804243128665","356","IN","0.062141393161919765","124","CA","0.04635336505898222","0.59","48910","torras","1.24","5030","torras cases","0.7","4860","torras case","1.1","4080","torras phone case","1.34","2060","torraslife","0.37613579499849525","0.0009820752694955407","0.02105512252985383","0.05652837401090836","0.4669371727967764","0.07836146039405663","1055114"
"0","",,,,,,,,,"sonsics.com","0","0","0",,"false","0","https://site-images.similarcdn.com/image?url=sonsics.com&t=1&s=1&h=7a0f1e8d6a80bf86a4643b5ee5859fec22155ebe58d5a6dc4afa066ec2bb53f9","2026-03-01T00:00:00+00:00","0",,,,,,,,,,,,,,,,,,,,,,,,,,,,,,,,"0","0","0","0","0","0","0"
"0.4781186413723489","lifestyle/beauty_and_cosmetics","63","840","US","6266","840","US","6266","The #1 Trusted Human Hair Glueless Wigs and Hair Bundles Store. Free Shipping | 72 Hours Delivery | 30 Days Return Policy | Buy Now Pay Later","unice.com","2090927","1895550","2320125","26650","false","2.7891312851766776","https://site-images.similarcdn.com/image?url=unice.com&t=1&s=1&h=0566a4341a864775cd7a9de5569ccaaf193ac9a1bb31b6dfbff81f02f05fe610","2026-03-01T00:00:00+00:00","161.35231063009857","UNice","840","US","0.5767398027286261","156","CN","0.16643235036868748","124","CA","0.05572445306375575","826","GB","0.047548468214269765","250","FR","0.011118857471425313","1.06","51730","unice","0.86","42120","unice hair","0.99","4430","isee hair","0.94","4010","iseehair","0.74","2690","unice wigs","0.5908577220721739","0.0014897207523824067","0.013309910308815176","0.045423720060097816","0.3043315691051613","0.04458735770093729","2320125"
"0.42267032555285744","computers_electronics_and_technology/computer_hardware","31","840","US","14690","840","US","14690","ELEGOO specializes in the research, development, and production of the most quality & affordable 3D printers, Arduino-based STEM & robotic kits, making technology easy-to-access for all the makers around the world.","elegoo.com","2114252","1683580","1615946","30446","false","3.9613532249944066","https://site-images.similarcdn.com/image?url=elegoo.com&t=1&s=1&h=21b8cb754a7a00e4eadbbfd1a279b62a64b112310e030d755c43c764c461857c","2026-03-01T00:00:00+00:00","144.88205718054678","ELEGOO: Best Consumer Level 3D Printers, Materials and STEM Products","840","US","0.3989135431797978","276","DE","0.06981069946336575","826","GB","0.0668026851187021","124","CA","0.04804473959211556","724","ES","0.037909143270398016","1.47","156040","elegoo","0.93","25300","elegoo centauri carbon","0.41","10970","elegoo slicer","1.12","10340","elegoo centauri carbon 2","1.01","7160","centauri carbon","0.37003206476005146","0.0019135523639620825","0.016088508311804674","0.04475637996156867","0.5399927119191866","0.027216782683186173","1615946"
"0.39235101192947136","computers_electronics_and_technology/computers_electronics_and_technology","604","840","US","23598","840","US","23598","BOOX is an electronics brand offering innovative E Ink (ePaper) tablets and devices based on Android. Save eyes, boost productivity. Learn now.","boox.com","1602803","1298867","1263097","39874","false","3.5312788486101354","https://site-images.similarcdn.com/image?url=boox.com&t=1&s=1&h=d156ed6fda54e142ae46b790c9290454e44743738f1d9b0f3e85b3cefe2a3ff9","2026-03-01T00:00:00+00:00","133.86971495653418","Home","840","US","0.36402883313964546","124","CA","0.04825212780893424","826","GB","0.03814065409763604","276","DE","0.03784345723320916","528","NL","0.030397376887446818","0.51","97540","boox","0.5","17370","onyx boox","0.3","13440","boox palma","0.68","6610","boox go 7",,"5190","文石","0.4345522078623117","0.0007869230188829623","0.009550818032877823","0.04912921275869346","0.47741655738480704","0.028564280942397637","1263097"
"0","",,,,,,,,"","pitaka.com","0","0","0",,"false","0","https://site-images.similarcdn.com/image?url=pitaka.com&t=1&s=1&h=ca7aa852190c3c176fd891ff5201e4fba587e949a18cdd0c2ccf5d8ba0b94546","2026-03-01T00:00:00+00:00","0","pitaka.com",,,,,,,,,,,,,,,,,"20","pitaka.com","0.16","0","pitaka",,"0","pitcoa",,,,,,,"0","0","0","0","0","0","0"
"0","",,,,,,,,,"djiparts.com","0","0","0",,"false","0","https://site-images.similarcdn.com/image?url=djiparts.com&t=1&s=1&h=6e5a46ec904f0bb3da1054c9b8d5e9cb326b73a1a83b55bdeec0e934141e7a85","2026-03-01T00:00:00+00:00","0",,,,,,,,,,,,,,,,,,,,,,,,,,,,,,,,"0","0","0","0","0","0","0"
"0.5088763008006417","sports/sports","815","840","US","44024","840","US","44024","Discover Merach’s exercise treadmill machines, ideal for home use. Our portable home treadmills offer smart features and comfort. Start running today!","merachfit.com","3744434","1658693","1903437","136695","true","2.5362783217936817","https://site-images.similarcdn.com/image?url=merachfit.com&t=1&s=1&h=df732c3318ab9ba9e6cc9b76513e04401847857cca4cf851bb020540995ab2b6","2026-03-01T00:00:00+00:00","70.13555869140986","Treadmills","840","US","0.4818199148473248","826","GB","0.12184651235238467","250","FR","0.05467839153572245","36","AU","0.023337946665449267","704","VN","0.01823483054466354","1.97","36040","merach","0.64","11220","walking pad","1.74","4470","merach vibration plate","1.92","4320","merachfit","2.36","3890","merach fitness","0.39569951878030707","0.0077465555536018246","0.012422179538662015","0.06189594404753694","0.42041279860538266","0.10182300341262639","1903437"
"0.5467453265340201","lifestyle/fashion_and_apparel","405","840","US","10053","840","US","10053","Striking spider cherry graphic details bring edgy charm to the Cherry Boxy Pullover Hoodie, combining a relaxed boxy silhouette with bold, street-ready style.Material: 60% Cotton 40% Polyester.Clothing details: Spider Cherry Graphic.SIZE GUIDE","aelfriceden.com","2016300","1651925","1636702","29466","false","4.05869011959748","https://site-images.similarcdn.com/image?url=aelfriceden.com&t=1&s=1&h=8d8da8b45cb1e39a3be0e07dd56ec9cea78837d185f3ff87c2a268311ea2ebb6","2026-03-01T00:00:00+00:00","104.6405615070946","[Pre-Order] Aelfrc Eden Boxy Hoodie","840","US","0.5874978250972347","36","AU","0.10066511889866966","124","CA","0.053833885468415985","826","GB","0.049428491244578515","616","PL","0.01760489519171696","1.11","146870","aelfric eden","1.31","7970","aelfriceden","1.31","5080","alfric eden","1.31","2780","alfreic eden","0.91","2270","aelfric eden hoodie","0.44596954598274313","0.0011648513832332248","0.00854264156540803","0.030513731923013328","0.46064473150123","0.05316449764214096","1636702"
"0.30664927827370914","home_and_garden/home_and_garden","289","840","US","26256","840","US","26256","The WORX Pegasus is a versatile work table that may be used as a sawhorse or work bench. An integrated clamping system holds your materials firmly in place.","worx.com","580532","502386","802957","56256","false","3.9775619185897537","https://site-images.similarcdn.com/image?url=worx.com&t=1&s=1&h=3931cb965192bab8b595820ed45b342cd1223f772912cbb2602b8906cc53a241","2026-03-01T00:00:00+00:00","161.4723953937894","Worx Toolshed","840","US","0.34818641452817006","276","DE","0.1494735774479104","250","FR","0.11393007370249998","826","GB","0.08899611870041294","380","IT","0.0753946567601228","0.81","26440","worx","0.87","5370","worx tools","0.79","2270","worx landroid","0.6","1920","lawn mower","0.74","1170","robot lawn mower","0.37263396716246183","0.0016598064850463232","0.02103578551652515","0.047281206510742094","0.5289256272838133","0.028463607039261252","802957"
"0.4182090364219","lifestyle/fashion_and_apparel","161","840","US","3027","840","US","3027","Shop all women's most unique accessories: bags, insoles, masks, scarves. Made from recycled plastic bottles or natural material, eco-friendly, stylish, and chic. 2021 accessories trends on VIVAIA. Comfortable bags, insoles, scarves, and masks for women al","vivaia.com","2553319","3594325","4456670","10509","false","5.068927548780929","https://site-images.similarcdn.com/image?url=vivaia.com&t=1&s=1&h=03d444867239541620508553bae03fb4ca94e234c7be7186f448ff7d92202167","2026-03-01T00:00:00+00:00","172.72990869839188","Find-Our-Store | VIVAIA","840","US","0.6853851674711127","826","GB","0.06686550842571916","124","CA","0.04021261872167272","36","AU","0.0394571055121243","484","MX","0.014321358840003023","1.66","102320","vivaia","1.25","39510","vivaia shoes","0.63","9180","rothys","0.92","8160","vivia","0.51","4920","kitten heels","0.5432728482110873","0.0024478092669265425","0.02257388121187807","0.05218988316050257","0.3144904737211231","0.06502510442848182","4456670"
"0","",,,,,,,,"","qiditech.com","0","0","0",,"false","0","https://site-images.similarcdn.com/image?url=qiditech.com&t=1&s=1&h=3dd4abc4cad752940c51c99ec80c4c404681888688cb2f30f6d148b1ff439f43","2026-03-01T00:00:00+00:00","0","404 not found",,,,,,,,,,,,,,,,,,,,,,,,,,,,,,,"0","0","0","0","0","0","0"
"0.39133928524358297","computers_electronics_and_technology/consumer_electronics","529","840","US","103118","840","US","103118","Hohem is a world-leading brand dedicated to AI tracking gimbals for video shooting, providing consumer and professional stabilizers for smartphones and cameras.","hohem.com","266794","196160","245672","174769","false","2.5936819642316937","https://site-images.similarcdn.com/image?url=hohem.com&t=1&s=1&h=9b12f50fc38bb8a03ac10abd9fa14d73977875e5daba33e6f56b3a546c006a46","2026-03-01T00:00:00+00:00","83.16779936781963","Hohem - AI Tracking Smartphone Gimbal Stabilizer","840","US","0.2735967033143868","276","DE","0.07287547926119005","250","FR","0.06713913512168881","100","BG","0.045109030126280654","76","BR","0.03773708043118616","1.37","7910","hohem","1.53","1750","hohem isteady m7","0.25","1430","gimbal","1.63","1370","hohem m7",,"580","shenzhen ihohmann technology co","0.376739316914717","0.0011419304247101603","0.010943731388657252","0.07347787904963055","0.46055182035365216","0.0771453218645682","245672"
"0.38232199038529796","computers_electronics_and_technology/consumer_electronics","96","840","US","16725","840","US","16725","Learn how UGREEN collects, uses, and protects your personal data, and understand your privacy rights under our Privacy Policy.","ugreen.com","2936793","2339646","2834483","19407","false","3.292894217172692","https://site-images.similarcdn.com/image?url=ugreen.com&t=1&s=1&h=1431dd4eecfb2e6d7c88786e262cfc1fb7bb6845701b7bb3af0e144fe504a2bd","2026-03-01T00:00:00+00:00","118.39171954560427","Privacy Policy","840","US","0.2456002952848449","276","DE","0.12700817085846097","250","FR","0.05585460592168322","826","GB","0.053639395954085844","724","ES","0.037343254453216436","0.26","253770","ugreen","0.53","101320","ugreen nas","0.39","9510","nas ugreen","1.38","5630","ugreen ai nas",,"3070","유그린","0.3524496592521395","0.001045126116884278","0.013718787979382852","0.0573181120366259","0.5386598645353008","0.036808450079618776","2834483"
"0.4511991467369665","food_and_drink/groceries","98","840","US","13628","840","US","13628","Get rewarded doing what you do best – sharing your favorite Blueland products with your audience and community by joining our Blueland Affiliate Program.","blueland.com","693450","714177","648089","64104","false","4.317930846018301","https://site-images.similarcdn.com/image?url=blueland.com&t=1&s=1&h=782962db1efd9b3765078c5bc43d3721c151a3cb9530f279233076e2279f003a","2026-03-01T00:00:00+00:00","93.92408547386304","Affiliate Partner | Blueland","840","US","0.8491166365592847","356","IN","0.014129534868430748","124","CA","0.012108302228189278","702","SG","0.01139165998267057","826","GB","0.008467897994176082","0.65","59290","blueland","0.68","4820","blue land","0.68","3850","bluelands","0.65","1930","blueland dishwasher","0.7","1250","blueland laundry detergent","0.5710722323161406","0.0018374906059356712","0.008119809505728484","0.05207557225127919","0.3083372478769123","0.05855764744391078","648089"
"0.3489222072313309","sports/sports","1252","840","US","67798","840","US","67798","A professional lightweight outdoor brand dedicated to simplifying outdoor travel.
Discover premium camping tents, hiking gear, and glamping equipment — enjoy nature with ease.","naturehike.com","270722","239596","345238","102456","false","5.732064789070041","https://site-images.similarcdn.com/image?url=naturehike.com&t=1&s=1&h=e2f393e3e7825e2b105c4a270c5912b84efb2ee1b6c79f919cf29b90dc33f3e6","2026-03-01T00:00:00+00:00","126.32275799490583","Naturehike Blog","840","US","0.15513149648495309","36","AU","0.09311554742020134","276","DE","0.08505661123865177","704","VN","0.057746538020182266","616","PL","0.048312228117051076","0.42","20680","naturehike","0.33","2440","naturehike cloud up 2","0.29","1800","nature hike",,"710","naturehoke backpacks","0.34","700","naturehike tent","0.36378223163024476","0.0011098831154095982","0.009787188240148875","0.06695989584745415","0.5254875362323774","0.03287326493331407","345238"
"0.3593125591002504","computers_electronics_and_technology/consumer_electronics","71","840","US","11954","840","US","11954","Choose from Anker soundcore bluetooth headphones, true wireless earbuds, and Bluetooth speakers. Enjoy a greater listening experience when you shop from soundcore.","soundcore.com","2995738","2582635","2847350","19714","false","3.1187066103048333","https://site-images.similarcdn.com/image?url=soundcore.com&t=1&s=1&h=08c642fd679941959f42b92a6374a283f50b0049abc52c0d345f02be1ab06262","2026-03-01T00:00:00+00:00","106.09926068577987","soundcore VN Headphones & Speakers - Hear it, Feel it","840","US","0.2579643931665203","826","GB","0.0666887953475213","276","DE","0.06438605853165814","124","CA","0.044043629696871436","356","IN","0.042406575725588105","0.23","199760","soundcore","0.22","20620","anker soundcore","0.31","12500","soundcore space one","0.23","11470","sound core","0.15","10320","soundcore q20i","0.34409451502173843","0.0007679147758347888","0.00997005004168654","0.04859725147137309","0.5806636895807945","0.015906579108570473","2847350"
"0.3683355656522124","",,,,,,,,"","renergytech.com","1303","90","257","12833050","false","3.473332741295733","https://site-images.similarcdn.com/image?url=renergytech.com&t=1&s=1&h=783c46d3ea2ee004069da9a821490c4016c601c045a54ea2dc3ff79174cfd184","2026-03-01T00:00:00+00:00","26.667438991819935","Renergy Website","840","US","0.6158773622866205","586","PK","0.3841226377133794",,,,,,,,,,"3.33","20","renergy",,"20","renergytech",,"0","renergy canada",,,,,,,"0.3997807479523632","0.0026592211060111445","0.019164850825122925","0.13611280416206978","0.3567696839510455","0.0767238029283833","257"
"0.4041278770000863","computers_electronics_and_technology/computers_electronics_and_technology","312","840","US","11243","840","US","11243","Building better cameras. Discover our leading line of shooters for athletes, creators and VR pros.","insta360.com","5234326","4144377","4582494","11757","false","3.654640648988491","https://site-images.similarcdn.com/image?url=insta360.com&t=1&s=1&h=4f4a78d7eb86cb61f6006c742434af731a4e22ca486aba36bc6d5dace2696e38","2026-03-01T00:00:00+00:00","171.16602101211566","Insta360 | Action Cameras | 360 Cameras | VR Cameras","840","US","0.20352398525337126","156","CN","0.11329864344404454","392","JP","0.0679674488423268","276","DE","0.04751444622312167","380","IT","0.0463952482528539","0.23","453440","insta360","0.23","225860","insta 360","0.39","54240","insta360 x5","0.4","46720","insta360 go ultra","1.33","41750","insta360 studio","0.3942759530931162","0.000989038281108801","0.01029435860765534","0.044794956553388006","0.4959815121084484","0.05366418135560331","4582494"
"0.5342828936537464","business_and_consumer_services/textiles","1","840","US","839","840","US","839","shop for business and industrial products, kitchenware, machinery tools, sporting goods, pet products, home and garden products, always committed in supplying an incredible assortment of great quality products with unbeatable prices. vevor, as a leading and emerging company in manufacturer and exporting business.","vevor.com","11835933","11534861","14247626","3415","false","4.00254827898889","https://site-images.similarcdn.com/image?url=vevor.com&t=1&s=1&h=47f91cf777303702bc50fca2df71e14d3f4dab70da3484ef9fb6e8297d3cec6a","2026-03-01T00:00:00+00:00","159.69770621041198","VEVOR｜Affordable & Reliable Home Improvement Store","840","US","0.7952555529179132","752","SE","0.026243979851208393","348","HU","0.017449485731640575","642","RO","0.014440482920818553","246","FI","0.01288596507445394","0.9","406730","vevor","1.65","16390","vevor store","0.86","5690","vevor tools","0.8","5610","vevor lawn sweeper","0.94","5100","v evor","0.4160164180454901","0.0013272738888859732","0.0329841218349246","0.041525538815212835","0.43861747258549927","0.06952917482972139","14247626"
"0.474316690286298","lifestyle/beauty_and_cosmetics","311","840","US","25738","840","US","25738","Fill in sparse brows or create a completely custom brow look with our SHEGLAM Brow-fection Angled Brush & Dip! Featuring an angled square brush and a matte liquid solution, this innovative combo helps you achieve a stunning microblade effect with realistic hair-like strokes.","sheglam.com","797612","650990","728203","59783","false","4.230383820623437","https://site-images.similarcdn.com/image?url=sheglam.com&t=1&s=1&h=ec73ba933d2fea84d09dd559c66e8ad0c461824d469f4b33711fa750ce7d0c39","2026-03-01T00:00:00+00:00","134.72487394054448","SHEGLAM USA | Bold, Affordable, High-Quality Cosmetics, Beauty, and Hair","840","US","0.20097678428413535","826","GB","0.0637706700534278","724","ES","0.05639962754614842","36","AU","0.03778715780400715","484","MX","0.037015651013967976","0.34","135910","sheglam","0.69","3020","she glam","0.34","2150","sheinglam","0.34","2040","she glams",,"1790","sheglam primor","0.3976633830631891","0.0021361237049580917","0.011662985390635029","0.05424645744732856","0.49388752178963513","0.040403528603964387","728203"
"0.43124847611948985","health/nutrition_diets_and_fitness","242","840","US","50470","840","US","50470","Personal Leg Massage Therapist on the Go. Experiencing sore muscles or tension? Check out our leg massager collection and experience deep tissue massage like never before!","renpho.com","385609","351424","316015","156511","false","2.1386168848375093","https://site-images.similarcdn.com/image?url=renpho.com&t=1&s=1&h=b2580e77cf2ffb9769888c948f2f7ed248385f520ff3e603a3980e4cacb41eb1","2026-03-01T00:00:00+00:00","58.40132894556882","Leg Massager","840","US","0.5650867825777071","124","CA","0.048987851727886875","826","GB","0.04075604263493315","36","AU","0.02556163577860854","484","MX","0.024721058262437208","1.22","44110","renpho","0.79","3870","renpho scale","0.94","1710","renpho eye massager","0.81","770","renpho massage gun",,"720","renpho eye massager eyeris 1","0.42140449714496386","0.001072278875537823","0.01064988518126512","0.06545309389029949","0.4776455886910912","0.02375964936386132","316015"
"0.4999366984479467","e-commerce_and_shopping/e-commerce_and_shopping","170","840","US","22114","840","US","22114","What carriers we use: Fedex, UPS, and USPS STANDARD SHIPPING TIME Our standard order processing time is 1-3 Business Days, after that Shipping times are between 3-5 business days.  The Total Process can take 4-8 business days.  Shipping not available to: - P.O. Boxes - APO Addresses - Hawaii / Alaska  - Addresses outsi","gotrax.com","321437","283988","500071","105366","false","2.7064788186354525","https://site-images.similarcdn.com/image?url=gotrax.com&t=1&s=1&h=e4db9d39ef9318197c5b23c53cc4a68bbfca1ec1b47922a8c206d2941c695f22","2026-03-01T00:00:00+00:00","154.89129928328433","Shipping Information for GOTRAX.com hoverboard and electric scooters","840","US","0.8295189664288332","124","CA","0.020673495168215858","276","DE","0.014554922238909496","36","AU","0.01194008261936144","356","IN","0.01071455784060345","1.37","23460","gotrax","0.54","10890","electric scooter","1.02","1600","gotrax scooter","0.33","1190","hoverboard","1.37","1150","go trax","0.38481871201524925","0.0009070894234933948","0.019305014987962738","0.048066723093209494","0.5226148784493517","0.024287582028274718","500071"
"0.40797020472893814","health/health","732","840","US","31104","840","US","31104","Transform your living space into a breath of fresh air with Levoit's air purifiers, humidifiers, diffusers, and more. Enjoy cleaner, healthier air in your home and embrace the ultimate in comfort and well-being. Explore our premium selection today!","levoit.com","476474","476360","424533","111950","false","2.658251275031568","https://site-images.similarcdn.com/image?url=levoit.com&t=1&s=1&h=ebd9b112727d515f1e2f949e86e938091e34783f22e6bd2c550f8b7eb82216e4","2026-03-01T00:00:00+00:00","115.11014590101703","legal","840","US","0.6738074560447422","124","CA","0.05148253326121531","528","NL","0.02223914717068158","826","GB","0.01427770774172994","380","IT","0.012180399532370467","0.87","36310","levoit","0.81","13530","levoit air purifier","0.73","3130","levoit humidifier","1.47","2090","levoit vital 200s","0.74","1980","levoit core 300","0.4019831181151745","0.0009781119558607801","0.011586448103579025","0.049405843157769934","0.5170276703125066","0.019018808354852385","424533"
"0.4151874808603947","games/video_games_consoles_and_accessories","1529","840","US","49294","840","US","49294","Discover premium mechanical keyboards, accessories, and typing upgrades in our online store. Elevate your experience with hot-swappable switches, RGB lighting & customizable designs.","epomaker.com","899617","698631","654604","73075","false","3.221041925431793","https://site-images.similarcdn.com/image?url=epomaker.com&t=1&s=1&h=894f7c285682c439194371aeb0bbb50ff008cf8052b3fd38f3edf52e294e07ed","2026-03-01T00:00:00+00:00","118.28429892987634","Deskmats","840","US","0.2539506551426648","643","RU","0.05979539828005232","356","IN","0.03480314881980845","826","GB","0.03345777919137951","36","AU","0.0308641925048766","0.19","65900","epomaker",,"6580","epomaker software","0.17","3820","aula f75","0.36","3820","epomaker keyboard","0.44","3650","epomaker x aula f75","0.30580914731052594","0.0005712235505744495","0.006628887537962279","0.05646704913890917","0.5775602388022437","0.05296345365960357","654604"
"0.3669786565406948","computers_electronics_and_technology/consumer_electronics","57","840","US","8576","840","US","8576","govee offers superior-quality smart home devices including smart lights, led strip lights, home security systems and thermometer items.","govee.com","3469351","2190256","2490079","21983","false","3.2549376598417297","https://site-images.similarcdn.com/image?url=govee.com&t=1&s=1&h=d7c07c8a5c6d9202e8d58f596d7b7dfa4e200c2e1eb3e035b595c5d4e13569de","2026-03-01T00:00:00+00:00","116.85598029175316","govee - making life smarter","840","US","0.4737806154558322","276","DE","0.08587666194552047","826","GB","0.07024304620662124","124","CA","0.06738034755320538","250","FR","0.02538490997404421","0.52","212310","govee","0.57","38350","govee lights","0.74","10610","goove","0.65","7560","govee outdoor lights","0.49","6890","govee tv backlight","0.3832152693492526","0.0012649409095491205","0.01742110982797466","0.05667878282642494","0.5129173536759397","0.02850254341082747","2490079"
"0.4086797816842137","computers_electronics_and_technology/consumer_electronics","1274","840","US","243378","840","US","243378","How to solve the problem of filament breaking during the second re-winding process? Answer: It is recommended to dry the material before re-winding it for the second time. The recommended drying temperatures are as follows: PLA series: 50°C PETG series: 60-65°C ABS series: 60-65°C PA series: 60-6...","esun3d.com","269495","221595","232168","192033","false","2.216878099427843","https://site-images.similarcdn.com/image?url=esun3d.com&t=1&s=1&h=a7ac90d4a2b530e18df5d0ecb3844a1bc4fecc3a263fd4e709c6adeb3bae94a6","2026-03-01T00:00:00+00:00","64.86453501650222","เรซิน - วัสดุสำหรับการพิมพ์ 3 มิติของ eSUN","276","DE","0.13840442232982178","840","US","0.12044188810880306","410","KR","0.06797447664614187","380","IT","0.04888604277186546","643","RU","0.03754093682831031","0.57","10830","esun","0.45","2840","esun pla","0.48","1810","esun filament","0.59","710","esun petg","0.73","520","esun abs","0.32844711279115546","0.0008604431035998671","0.009869703373215997","0.07052916668218599","0.5689135734995674","0.021380000549826368","232168"
"0.30417419279426255","e-commerce_and_shopping/marketplace","1","840","US","4","840","US","4","ShopByInterest makes it easy to browse and buy interesting brand and influencer finds.","amazon.com","2719230286","2289218737","2519583235","9","false","9.151990311919906","https://site-images.similarcdn.com/image?url=amazon.com&t=1&s=1&h=43a07f575342a8fbb74cd3ca3ebf33760f2fbfbff603546fb4f7208244147dcc","2026-03-01T00:00:00+00:00","364.29932299072004","Check out what I found on Amazon! #ShopByInterest","840","US","0.8580337980562701","356","IN","0.011678175576130668","156","CN","0.009733060976872663","124","CA","0.007840505349701309","170","CO","0.006962738119940608","0.25","80907170","amazon","0.27","7941830","amazon prime","0.3","3086280","prime video","0.29","2128000","amazon prime video","2.76","1370340","amazon customer service","0.6800034059208737","0.0013921095112848524","0.005923027567997024","0.05770419075986409","0.2413723560593767","0.013604910180603617","2519583235"
"0.40942652447084327","computers_electronics_and_technology/graphics_multimedia_and_web_design","18","392","JP","2791","392","JP","2791","The world's No.1 AI Note-taking brand, trusted by 1,000,000+ users globally. Discover Plaud AI voice recorder & AI note taker.","plaud.ai","3679377","3731653","4429345","13462","false","3.6038948071286656","https://site-images.similarcdn.com/image?url=plaud.ai&t=1&s=1&h=fa3a03f4b52bcc02929342c61a8e500a0ef05da45537021f055817a88eace438","2026-03-01T00:00:00+00:00","280.28100540140355","Contact Plaud Support for AI Recorder Help
 – Plaud US","392","JP","0.34564142205689546","840","US","0.27068275060437264","250","FR","0.041160583836277326","76","BR","0.03476575123113869","158","TW","0.03415985212350714","0.57","298280","plaud","0.76","64460","plaud ai","0.46","49650","plaud note","0.6","48410","plaud note pro","0.48","19790","plaud web","0.6176091446176263","0.0013132363948615063","0.010364154987169898","0.03734160774039677","0.31392636861133505","0.019445487648507103","4429345"
"0.4322480946728614","computers_electronics_and_technology/computers_electronics_and_technology","615","840","US","24122","840","US","24122","DIY it, don't BUY it! What can you make with a 3D Printer, CNC, or Laser? Show us and win big prizes! With Revopoint, Polymaker, head(amame), and Snapmaker!","snapmaker.com","915031","826180","1055801","50883","false","3.071170416259207","https://site-images.similarcdn.com/image?url=snapmaker.com&t=1&s=1&h=27b2550215de998fe92bc50d3d9c427078d22931e35429fe8bebdcd7166fe858","2026-03-01T00:00:00+00:00","122.16415281800447","Snapmaker's DIY over BUY Contest","840","US","0.4064483933672108","276","DE","0.11509141840654019","380","IT","0.046489778498966246","826","GB","0.043063193079162246","724","ES","0.04244105089702801","0.73","109090","snapmaker u1","1.31","50210","snapmaker","1.43","6430","snapmaker orca","0.42","2990","3d printer","1.16","2150","snapmaker u1 3d printer","0.38020472761309626","0.0021816325611702433","0.015227765555482864","0.059979463316874516","0.5133801824655193","0.02902622848728979","1055801"
"0.5240331239282842","vehicles/makes_and_models","140","840","US","70055","840","US","70055","Exclusively for BMW iDrive 6/7/8/9. The i3 unlocks Android 13 on your screen, offering video streaming, full app access, and seamless wireless CarPlay/AA conversion.","ottocast.com","551119","462729","420930","119075","false","2.430171570317635","https://site-images.similarcdn.com/image?url=ottocast.com&t=1&s=1&h=21a68751963f63b885e9bbcb6590e6c18f330df4f7262b69d7d4103baaf2f12b","2026-03-01T00:00:00+00:00","95.74983356139418","OttoAibox i3 BMW CarPlay AI Box","840","US","0.37012683194800067","826","GB","0.05422213122349914","276","DE","0.05257927274312118","36","AU","0.052147738136978844","380","IT","0.04687696962862161","0.71","50550","ottocast","1.36","2060","ottacast","0.81","1480","wireless carplay adapter","1.85","1430","otto cast",,"680","ottocast baby monitor","0.33911651239037977","0.0009683897203275697","0.019105434490401713","0.060121339075874004","0.5268661391615734","0.05382218510361338","420930"
"0.385605372620491","arts_and_entertainment/music","1511","840","US","125727","840","US","125727","&quot;&lt;!--cc--&gt;&lt;!--20240805--&gt;&lt;!--Continue selling when out of stock: CHECKED--&gt;&lt;!--pre-order: ACTIVATED--&gt;&lt;!--SKU: MFSL45UD1S2-061--&gt;&lt;!--TITLE: Michael Jackson - Off the Wall (Lmt Ed UltraDisc One-Step 180g 45RPM Vinyl LP Box Set)--&gt;&lt;!--$125.00--&gt;
&lt;h2&gt;Michael Jackson&amp;rsquo;s Reign as the King of Pop Starts Here: RIAA-Certified Nine-Times-Platinum &lt;span style=&quot;font-style: italic;&quot;&gt;Off the Wall&lt;/span&gt; Blends Funk, Disco, Soul and R&amp;amp;B in Visionary Ways, Features &amp;ldquo;Don&amp;rsquo;t Stop &amp;lsquo;Til You Get Enough&amp;rdquo; and &amp;ldquo;Rock With You&amp;rdquo;&lt;/h2&gt;
&lt;h3&gt;1979 Landmark Presented in Audiophile Sound for the First Time: Mobile Fidelity&amp;rsquo;s UltraDisc One-Step 180g 45RPM 2LP Set Explodes with Energy, Plays with Superb Clarity and Detail, Is Strictly Limited to 6,000 Numbered Copies&lt;/h3&gt;
&lt;h3&gt;1/4&quot; / 30 IPS analog master to DSD 256 to analog console to lathe&lt;/h3&gt;
&lt;p&gt;Mobile Fidelity&amp;rsquo;s UltraDisc One-Step 180g 45RPM 2LP set of &lt;span style=&quot;font-style: italic;&quot;&gt;Off the Wall&lt;/span&gt; is sourced from the original master tapes, housed in a deluxe slipcase, pressed on MoFi SuperVinyl at Fidelity Record Pressing, and strictly limited to 6,000 numbered copies. The keepsake packaging of this &lt;span style=&quot;font-style: italic;&quot;&gt;Off the Wall&lt;/span&gt; UD1S set further befits the album&#x27;s preeminent status. Housed in a deluxe slipcase, it features a special foil-stamped jacket and faithful graphics. Aurally and visually, this reissue is made for everyone who desires to immerse themselves in everything involved with the nine-times-platinum landmark &amp;mdash; including the iconic album cover with Jackson dressed in a tuxedo.&lt;/p&gt;
&lt;p&gt;&lt;em&gt;&amp;ldquo;[There&amp;rsquo;s] no reason to deliberately deny yourself this fine-sounding, nicely packaged edition of &lt;/em&gt;Thr","mofi.com","118128","88302","93668","284212","false","5.249698565731385","https://site-images.similarcdn.com/image?url=mofi.com&t=1&s=1&h=4df2f3d820cf1f54f7e823275fb40ef72425e9d685809fd71ca30654b909a10d","2026-03-01T00:00:00+00:00","133.07320468821246","Shipping and Taxes","840","US","0.5613806493724744","276","DE","0.05036055182711315","826","GB","0.04305127333198999","380","IT","0.03291438152920422","76","BR","0.023666442288069568","1.35","1510","mofi","1.32","800","mobile fidelity sound lab","1.25","360","mobile fidelity","1.23","350","mfsl",,"230","van halen – diver down (1982, mfsl 2025)","0.535211316304901","0.0008239934042857098","0.0053111114214291774","0.05479762990467858","0.3683652967482344","0.03416395034777824","93668"
"0.3418963363599598","computers_electronics_and_technology/telecommunications","121","840","US","33261","840","US","33261","La privacidad es uno de los valores fundamentales de Yealink. Yealink se adhiere a los principios y estándares más altos para proteger su privacidad.","yealink.com","680889","693893","753364","52611","false","5.59836750694452","https://site-images.similarcdn.com/image?url=yealink.com&t=1&s=1&h=368900be805e7b983e940ad11c65db8bbc1d6ab0e78ea8fba50791841e7832d8","2026-03-01T00:00:00+00:00","266.76639518019294","Centro de confianza - Privacidad | Yealink","840","US","0.279232037111439","826","GB","0.07426710385120262","36","AU","0.05906488435804287","710","ZA","0.05726386504691403","276","DE","0.04196070644094291","1.52","15350","yealink","1.9","1140","yealink phones","4.43","990","yealink pbx","1.45","890","yealink t54w",,"750","yealink usb connect","0.4227562074477467","0.0008352906369284153","0.009230773471480588","0.05007730376695748","0.5019038726222147","0.014882583728030401","753364"
"0.3642436042678817","computers_electronics_and_technology/consumer_electronics","40","840","US","5903","840","US","5903","EcoFlow offers portable power stations, solar generators, and home backup solutions. Perfect for adventures, off-grid living, and eco-friendly energy needs.","ecoflow.com","4972495","3760056","5102361","10702","false","3.482830373115988","https://site-images.similarcdn.com/image?url=ecoflow.com&t=1&s=1&h=62adfdcfb556c10bff705109d74ba64190af1c7376870cbb4ca08edfd232d318","2026-03-01T00:00:00+00:00","142.05279558459492","Best Power Stations, Solar Generators & Home Backup | EcoFlow","840","US","0.2674824787833803","276","DE","0.11941994352863737","392","JP","0.11220138869944957","826","GB","0.068023400632975","250","FR","0.04201909957952682","0.5","264080","ecoflow","0.57","53410","エコフロー","0.41","20650","ecoflow delta 2","0.54","13830","eco flow","0.47","11190","ecoflow delta 3","0.4106007108580007","0.002167342875978591","0.02390863541992514","0.05394824880095096","0.46829606174430854","0.04107900030003349","5102361"
"0","",,,,,,,,"","uniherz.com","0","0","0",,"false","0","https://site-images.similarcdn.com/image?url=uniherz.com&t=1&s=1&h=b63bc8b0de99b1bed747d6334a671acf30be18f6eb76eb3f11f7abf6742bc931","2026-03-01T00:00:00+00:00","0","uniherz.com",,,,,,,,,,,,,,,,,,,,,,,,,,,,,,,"0","0","0","0","0","0","0"
"0.5017978708956153","vehicles/automotive_industry","18","76","BR","31260","76","BR","31260","NEWSROOM","topdon.com","301015","329986","345029","132142","false","2.6066642011455827","https://site-images.similarcdn.com/image?url=topdon.com&t=1&s=1&h=c47bdcc964ed78f369c8b9cb81a39680b79af7c4694734f4b70084eb0ef37f65","2026-03-01T00:00:00+00:00","64.80608485180892","TOPDON NEWSROOM","840","US","0.2832591820739786","826","GB","0.08039579424317615","276","DE","0.05877224412143483","250","FR","0.048831612524130735","158","TW","0.042155572662609914","0.38","9270","topdon","0.56","660","topdon topscan","0.46","570","topdon scanner","0.59","460","topdon scan tool",,"460","topdon login","0.38356905044957157","0.005026046186578622","0.019807105851182498","0.06830920913906251","0.48473943596462227","0.03854915236345852","345029"
"0.508142628722403","lifestyle/beauty_and_cosmetics",,,,,,,,"Shipping 1. How long will it take to get my order? Orders will take 7-14 business days to arrive following shipping. Customerswill receive email updates with tracking information. 2. My package still hasn't arrived, how do I locate it? In the instance where there has been no movement in your parcel tracking or if the p","skintific.com","102736","126970","154683",,"false","2.686292540242208","https://site-images.similarcdn.com/image?url=skintific.com&t=1&s=1&h=8d27be1573557c26bd2f7cfb53629c55bc77f1b6b04469a1114d9627c5811c88","2026-03-01T00:00:00+00:00","56.20107703731396","FAQs","840","US","0.2401358798370694","458","MY","0.09790176929950298","124","CA","0.0750754662718432","360","ID","0.07002343474030465","116","KH","0.06223411276913367","0.11","15370","skintific","0.15","800","skintific clay mask","0.2","660","skintific malaysia","0.05","580","skintific moisturizer","0.09","350","skintific sunscreen","0.34250752505491494","0.0016163326095195755","0.04579812329786364","0.06634212894485796","0.4624333760377074","0.08130251382084025","154683"
"0.5388236626050732","",,"840","US","1841880","840","US","1841880","","commense.com","7984","6581","7080","3028693","false","1.5048738233387702","https://site-images.similarcdn.com/image?url=commense.com&t=1&s=1&h=c1c46a8415438d6add20c177b725ded86cf37be2ed561da891953de31ed2c9b9","2026-03-01T00:00:00+00:00","12.20565332153629","Commense.com","840","US","0.6397702331912684","124","CA","0.17084771866728804","528","NL","0.11183639378901032","826","GB","0.07754565435243364",,,,"0.38","390","commense","0.63","0","commense clothing","0.42","0","commense official","0.66","0","commense clothes","0.61","0","the commense","0.4729230626429214","0.0010526881201081363","0.012878052251141874","0.06027862971597019","0.34142517143148254","0.10979050185075565","7080"
"0.7625171220495468","sports/hunting_and_shooting","1316","840","US","200763","840","US","200763","Discover the world of Olight and the best-in-class flashlight. Explore innovative EDC flashlights, weapon lights, torch lights, and premium gear engineered for ultimate reliability and performance.","olightstore.com","27554","21919","38255","826492","false","1.79483328121427","https://site-images.similarcdn.com/image?url=olightstore.com&t=1&s=1&h=a6be0464ba90e3369d1e308fbaeb2f9a246ad2b6d944e59d8ac457ca0c990a42","2026-03-01T00:00:00+00:00","127.16192626439124","Discover the world of Olight and the best-in-class flashlight. Explore innovative EDC flashlights, weapon lights, torch lights, and premium gear engineered for ultimate reliability and performance.","840","US","0.9450444837537615","356","IN","0.035639303928986475","276","DE","0.010608858595943167","826","GB","0.008707353721309052",,,,,"80","olight ark zombie flashlight manual pdf",,"60","ostation 2 pro","1.29","40","olightstore",,"10","how to turn off osight s","0.8","0","olight","0.5215990457130889","0.0007595662489176062","0.00912309605975559","0.06323854654864705","0.2848545593454418","0.11987133219154036","38255"
"0.3437463753090528","computers_electronics_and_technology/computers_electronics_and_technology","307","840","US","10991","840","US","10991","IMAGINE IT, MAKE IT. Create a Better World Through the Power of Technology, Enabling Every Household to Experience the Joy of 3D Printing. Creality Official Website.","creality.com","4206116","3138247","3219499","16970","false","3.475187199844723","https://site-images.similarcdn.com/image?url=creality.com&t=1&s=1&h=85ebcda78170cf6bc349efbc9afef5dbb8c44f563ca7dace3b1e80901065c3e7","2026-03-01T00:00:00+00:00","122.72714568516493","Creality - Official Website","840","US","0.2972682274931314","276","DE","0.05362028226600359","826","GB","0.044930186540749394","484","MX","0.04063133472706226","124","CA","0.03981800152627974","0.44","138090","creality","0.28","19470","creality print","0.22","12740","creality slicer",,"5180","creality m1","0.62","4350","creality 3d printer","0.43228406289874305","0.0008793516111458307","0.013239390496253766","0.040553486662476136","0.49531645523615825","0.017727253094865246","3219499"
"0.3360348963168052","e-commerce_and_shopping/e-commerce_and_shopping","36","840","US","3649","840","US","3649","POP MART is a market-leading character-based entertainment company and a global champion of designer toy culture.
We have set foot in more than 23 countries and regions through our network of 350+ offline stores and 2000+ Roboshops catering to a diverse audience of cultural pioneers and art fans. Some of our best-known characters include MOLLY, The Monsters, DIMOO, Skullpanda and others – each created by one of our artist friends and regular collaborators.
Through global artist development, IP operations, designer toy culture evangelism, and strategic investments, we have built an integrated platform covering the entire designer toy value chain, allowing artists to focus solely on their craft and giving stage to talent from all over the world.","popmart.com","6041011","4985293","4763329","9383","false","5.315905463075633","https://site-images.similarcdn.com/image?url=popmart.com&t=1&s=1&h=e27fab9b8458ab6e1487e504349767657bb79808ed553878b8508f2b76124948","2026-03-01T00:00:00+00:00","179.6722353456434","POP MART OFFICIAL (United States)","840","US","0.38664811807613786","36","AU","0.07034271992581809","392","JP","0.04017981315107007","124","CA","0.038148747927466954","764","TH","0.03788002629385424","1.01","700780","popmart","1","256790","pop mart","0.29","137960","labubu",,"29240","ポップマート","0.34","26990","popmart uk","0.4791634843127824","0.0009790164483943179","0.0061373967503942015","0.02209896009207439","0.4730698193418313","0.018551323054521184","4763329"
"0","",,,,,,,,"","moano.com","0","0","0",,"false","0","https://site-images.similarcdn.com/image?url=moano.com&t=1&s=1&h=7deb48b0b6aee521e77ad4fafd2f6ebcdac550b1957e6d5dfaec0b9e5516b9f9","2026-03-01T00:00:00+00:00","0","invest in the future with moix | moix token",,,,,,,,,,,,,,,,,,,,,,,,,,,,,,,"0","0","0","0","0","0","0"
"0.46894481828766255","computers_electronics_and_technology/consumer_electronics","78","840","US","12831","840","US","12831","Jackery® offers an array of portable power supply solutions, including solar generators, portable power stations & solar panels. Click to learn more!","jackery.com","2390008","1333677","1915507","29809","false","2.8075419909977706","https://site-images.similarcdn.com/image?url=jackery.com&t=1&s=1&h=004d866562d8c994eea60906cd0c6db3c3fbc926c3f58833abda3438f879bc03","2026-03-01T00:00:00+00:00","151.10640105141442","Terms of service    – Jackery","840","US","0.4929905963336766","826","GB","0.10659890838360339","276","DE","0.07359297686288148","124","CA","0.064147553584664","702","SG","0.049821468241167045","0.81","123080","jackery","1.08","11780","ostern 2026","0.74","6790","jackery power station","0.85","3750","jackery portable power station","0.65","2610","jackery solar generator","0.43648915805955124","0.0011502625655691674","0.020953312191891327","0.0574517960656113","0.4209351769559846","0.0630202941613915","1915507"
"0.4144320347433409","pets_and_animals/pet_food_and_supplies","271","840","US","47343","840","US","47343","Welcome to Official Rolife Shop! We offer a wide range of fun-to-build DIY craft kits, such as house-themed DIY miniature kits and book nooks that you'll love! Discover more unique kits now!","rolifeonline.com","524244","335145","356133","106093","false","4.470686510047242","https://site-images.similarcdn.com/image?url=rolifeonline.com&t=1&s=1&h=46426d850cde3ddae817f9cec8550c6d76b8309bf8c8eb0987551c370b9ab3eb","2026-03-01T00:00:00+00:00","119.55140869817693","Official Rolife® Shop - DIY Cultural & Creative Crafts Kits","840","US","0.456764112942014","36","AU","0.06351263059260538","124","CA","0.050263282461781786","348","HU","0.03778816283625275","724","ES","0.03384236411772932","0.42","24100","rolife","0.39","3460","rolife book nook","0.5","1520","book nook","0.48","780","rolife miniature house","0.46","540","rolife kits","0.38456558321607853","0.0017336358853556207","0.01177797501549975","0.03807511801322791","0.5198642580248236","0.04398342984500647","356133"
"0.5766577675407222","heavy_industry_and_engineering/energy_industry","14","250","FR","2612","250","FR","2612","Transform your yard with the Mammotion YUKA lawn mower. Equipped with 3D Vision technology and a Self-Emptying Sweeper, it delivers intelligent lawn maintenance. Enjoy precise and artistic care with AI-powered Lawn Printing Technology.","mammotion.com","578998","436576","1733013","31727","false","3.2081628888774745","https://site-images.similarcdn.com/image?url=mammotion.com&t=1&s=1&h=9d794564b350a397aa2a552a69005e81099f4edef672c60f4ba97746c87ddd99","2026-03-01T00:00:00+00:00","165.43033459860737","Mammotion YUKA: Self-Emptying Sweeper Robot Lawn Mower","250","FR","0.24891786352935485","276","DE","0.13960731332198817","840","US","0.11662946608766075","702","SG","0.07541116805433515","156","CN","0.07274139145779618","0.87","65700","mammotion","0.65","18170","robot tondeuse","1.37","4150","mammotion luba","0.74","4060","robot lawn mower",,"3520","mammotion luba 3 awd","0.3979580225583442","0.002517539774674248","0.026043978675010796","0.05073619731414518","0.4639926657838077","0.05875159589373353","1733013"
"0.44223125912445593","home_and_garden/home_and_garden","139","250","FR","6689","250","FR","6689","discover tineco's range of intelligent home appliances, from floor washers and vacuum cleaners to kitchen and beauty products. embrace smart technology for a seamless living experience. explore our latest innovations, news, and events. join over 10 million families worldwide who trust tineco.","tineco.com","1144343","775819","899306","56347","false","3.106878241953196","https://site-images.similarcdn.com/image?url=tineco.com&t=1&s=1&h=4d3b2c0775e4f873fa731ad3134069c849f63c49c8bbec82f4e9bed0faddaad5","2026-03-01T00:00:00+00:00","150.10102731053718","Submit a Support Ticket | Tineco US","840","US","0.27168038189249527","250","FR","0.13702667553301437","380","IT","0.11946418678863382","276","DE","0.0841044821225701","156","CN","0.08147151921172431","0.54","159870","tineco","0.35","12100","aspirateur laveur","0.66","4780","tineco vacuum","0.44","4610","tineco s7","0.54","3810","tineco floor one s5","0.38650099892712597","0.0024563980881808388","0.015820860047706997","0.049599759304415285","0.5280187977515157","0.01760318587937388","899306"
"0.3080330780680088","business_and_consumer_services/online_marketing","82","410","KR","100885","410","KR","100885","","oricom.com","5662","4817","5697","3371628","false","1.736558524065527","https://site-images.similarcdn.com/image?url=oricom.com&t=1&s=1&h=425fcc1dd3cc8fc7c040eea4ef40eb0cd8b9d1b4fccd60e70812ee14ed5533fe","2026-03-01T00:00:00+00:00","16.175622687197396","ORICOM : Sustainability1","410","KR","1.0000000000000002",,,,,,,,,,,,,,"150","오리콤","2.08","20","매스티지",,"20","사람이 미래다",,"20","두산 사람이 미래다",,"10","오리콘","0.31980248709936715","0.00022890858442232265","0.016296032543305257","0.11932170142900098","0.49166587172631715","0.052684998617586944","5697"
"0.373669709660099","computers_electronics_and_technology","3726","840","US","44665","840","US","44665","xppen el uno de los fabricante de las tabletas gráficas. xppen ofrece tabletas digitales con pantalla para pintar y dibujar en pc y mac, tabletas con lápiz y estiletes . tableta grafica profesional barata para sus necesidades de dibujo digital, diseño gráfico , arte, animación ,fotografía, ilustración y 3d. ","xp-pen.com","1105927","894629","1009616","43926","false","4.50238994847483","https://site-images.similarcdn.com/image?url=xp-pen.com&t=1&s=1&h=4a4955a654e31f0a457db255bdc19e105fb86225429c4f9bf11dc926ce56de81","2026-03-01T00:00:00+00:00","141.04855826090025","mesa digitalizadora com display & tablet de desenho digital | XPPen","840","US","0.18498717390042474","484","MX","0.05986816375509932","704","VN","0.04435459629309726","826","GB","0.03986594453927101","360","ID","0.031531496945901585","0.51","45300","xp pen","0.37","23060","xppen","0.48","12400","xp pen drivers","0.3","7920","xp pen driver",,"4830","xp-pen","0.3233717958289032","0.0007143691419933401","0.007687183089455798","0.06508849533843383","0.5728717744045325","0.03026638219665129","1009616"
"0.5580451056904735","computers_electronics_and_technology/consumer_electronics",,,,,,,,"Hollyland is a leading provider of wireless lavalier microphone, video transmission, and intercom system solutions for various video production applications.","hollyland.com","1259709","883298","909419","62877","false","1.9954975391268521","https://site-images.similarcdn.com/image?url=hollyland.com&t=1&s=1&h=c3217fc5082a3f46104b611738c3e6c8a93dacc7a979e05b95ce8a3afa5fce29","2026-03-01T00:00:00+00:00","59.617453866532166","Operations - Hollyland","840","US","0.21084419552287725","76","BR","0.06252582160733193","392","JP","0.055294281608066195","276","DE","0.040526652949937146","356","IN","0.03910233943023946","0.38","40160","hollyland","0.31","28380","hollyland lark m2","0.23","3570","hollyland lark a1","0.5","3410","hollyland lyra","0.24","3290","hollyland mic","0.2796480120178008","0.0008356080840982478","0.007891252642035492","0.0396159686329754","0.6550069022741745","0.01700225634698946","909419"
"0.3217782385139533","sports/sports","429","840","US","22505","840","US","22505","COROS GPS Watches & Training Tools for Endurance Athletes","coros.com","2350439","1847549","2123821","24853","false","3.8828212492330567","https://site-images.similarcdn.com/image?url=coros.com&t=1&s=1&h=733c1f57c81928fcfdd0288d3ab4d8f7f5b9f2cc6bb008e1d25fd924b0d2fa3a","2026-03-01T00:00:00+00:00","185.66433558992034","COROS","156","CN","0.1877738811638187","840","US","0.16088439274399077","250","FR","0.11300227047797873","276","DE","0.06619999386831762","826","GB","0.05133157813144194","0.48","123050","coros","0.31","31530","coros pace 3","0.36","23940","coros pace 4","0.27","8890","coros training hub","0.36","8310","coros pace pro","0.577787136862528","0.0007622000569836516","0.0038423927931889334","0.03760134200395445","0.36633856708659185","0.01366836119675298","2123821"
"0.5338762259819331","computers_electronics_and_technology/consumer_electronics","76","840","US","12492","840","US","12492","What is SHOKZ Return Policy? SHOKZ offers a 45-day money-back guarantee for all orders placed on our website. If you’re not satisfied with your headphones for any reason, we’ll send you a prepaid USPS shipping label via email and you can return them for a full refund. Refunds are issued to your original payment method.","shokz.com","2668100","2184074","2573392","23601","false","2.718728059520989","https://site-images.similarcdn.com/image?url=shokz.com&t=1&s=1&h=4a983260d3f92f33299b82baa4702213c6794e1dca0de85944ed04897b626744","2026-03-01T00:00:00+00:00","127.43958652082142","Return Policy","840","US","0.3193642130763134","392","JP","0.1390133682418358","826","GB","0.08450609443827616","250","FR","0.08240393726618701","124","CA","0.06835186453983717","0.57","188610","shokz","0.66","21060","shokz openrun pro 2","0.83","19200","shokz headphones","0.14","17070","ショックス","0.5","11370","shokz openrun","0.3676604169219342","0.0014342552254585975","0.01270436693054831","0.050417272400167044","0.5391639258599645","0.028619762660927885","2573392"
"0.37110596197411205","hobbies_and_leisure/photography",,,,,,,,"This is Viltrox official online flagship store preliminarily based on US and EU areas. Product range covers photography equipment such as Camera Lens, Video Monitor,Mount Adapter and LED photographic light, etc. To get the best after-sales service and quality-assured Viltrox products, please come to Viltrox Store!","viltrox.com","458845","380445","382755",,"false","3.2358948514101535","https://site-images.similarcdn.com/image?url=viltrox.com&t=1&s=1&h=547c587c9762ef4ae04cf60371ff54f4acf4579d252372e839a8afdf5b3bced4","2026-03-01T00:00:00+00:00","93.42562049624483","FAQ","840","US","0.2183004681574059","276","DE","0.10065746032027119","250","FR","0.039921621673593","380","IT","0.03797949941925868","124","CA","0.035734444887521775","0.33","30880","viltrox","0.42","2120","viltrox lenses","0.11","1200","viltrox firmware","0.56","740","viltrox l mount","0.1","630","viltrox lens","0.3719775909271842","0.0012818926425588438","0.011773676783177842","0.05199844768954633","0.5021836577810719","0.0607847341760423","382755"
"0.5457169443354876","business_and_consumer_services/online_marketing","198","840","US","87320","840","US","87320","Dual 250W Motor (Total Power 500W)
Max Speed 6.8 mph (11km/h)
Up to 6 miles (9.6km) per charge
Battery Capacity: 25.9V 2.6 Ah
Tyre size 6.5 Inches
LED lights and modern body style
Bluetooth control
Max Load: 220.5lbs/100kg
UL Safety Certified","iscooterglobal.com","113785","93959","111735","342308","false","2.3242290768059384","https://site-images.similarcdn.com/image?url=iscooterglobal.com&t=1&s=1&h=a098ab667c2f8a5426c98d41b244b1c60e9f7336ee2776c2a0959a1d58ce1959","2026-03-01T00:00:00+00:00","74.40240506194448","iScooter i10 Commuter 650W Electric Scooter","840","US","0.5998035250942136","124","CA","0.04432890489594015","752","SE","0.04128356433321748","76","BR","0.036777314067340264","826","GB","0.029965335806882775","0.54","6950","electric scooter","0.96","6770","iscooter","0.43","710","scooter","0.56","610","segway scooter",,"490","iscoioter","0.3939522332577112","0.003921374293846237","0.027887983603840847","0.06527625856500621","0.4657979423068495","0.04194366369095092","111735"
"0.4268838747211991","computers_electronics_and_technology","8460","840","US","110060","840","US","110060","Our moderator will chat with the Cinematographer and CLT of hit HBO Series, The Pitt. Our conversation will focus on lighting the ER of The Pitt and capturing the chaos of such a high stress environment of Season 1 and 2. We will dive into camera and lighting workflows, unique challenges of the shoot, and fun never-before-heard stories from life on set of The Pitt.","aputure.com","306713","240603","229191","186489","false","2.5226151889766113","https://site-images.similarcdn.com/image?url=aputure.com&t=1&s=1&h=9a75651a38bb46c3c49a53587edfa6e2810402f3b80d1849e3be2948059a810d","2026-03-01T00:00:00+00:00","66.24038078888998","Capturing Chaos: A Q&A With the DP and CLT of The Pitt | Aputure","840","US","0.34703451341858094","124","CA","0.05895965587505082","250","FR","0.05089140972144798","826","GB","0.0369265328898415","276","DE","0.029766690078739142","1.31","10580","aputure","0.74","1360","aputure lights","0.74","780","aputure mc pro","1.28","660","aputure 1200x","1.18","550","aputure 80c","0.3796438128467972","0.000964332179713834","0.008814611540141105","0.05870226366984376","0.5148537754999506","0.03702120426149974","229191"
"0.48690417841344713","computers_electronics_and_technology/consumer_electronics","59","840","US","9201","840","US","9201","Protect and keep connected with your business anytime anywhere with Reolink easy and affordable security camera systems. Check it now.","reolink.com","2800288","2390847","2820361","20424","false","3.1511938521673546","https://site-images.similarcdn.com/image?url=reolink.com&t=1&s=1&h=301a958d8376a0cfca27d8df8627fa5c2fefc7900d3dcff7baa7d1a608d865fd","2026-03-01T00:00:00+00:00","187.16951403979868","Business Security Cameras, Systems & Solutions from Reolink","840","US","0.39401837372241805","276","DE","0.10917878645812423","124","CA","0.06895157021262636","826","GB","0.05327764322477762","36","AU","0.04552209817949818","1.01","191830","reolink","1.03","18900","reolink camera","1.12","9630","reolink cameras","0.75","6030","reolink doorbell","0.92","5300","reolink nvr","0.3987862078598609","0.0011194202521516642","0.012358708973332548","0.040635130037973","0.5306528397197774","0.016447693156433896","2820361"
"0.49022683992342114","lifestyle/fashion_and_apparel","119","840","US","2085","840","US","2085","shop cupshe women's swimwear now! bathing suits extra 15% off. women's swimsuits, bikinis, dresses, tops, bottoms, plus size and more, free shipping over $49!","cupshe.com","3799782","3947645","5795669","8141","false","4.849529451709778","https://site-images.similarcdn.com/image?url=cupshe.com&t=1&s=1&h=8fef54bfd64c35585327c21074523ad11dda9c190d806a7353815be4dd00174e","2026-03-01T00:00:00+00:00","201.2510512076197","Cupshe - Swimsuits & Fashion Online For Women","840","US","0.7910264779223464","124","CA","0.04339683574945187","250","FR","0.036022100182383394","826","GB","0.02878506483520688","36","AU","0.017815213288297327","1.34","362520","cupshe","1","17450","lulus","0.53","14140","bikini","1.65","12240","cup she","1.19","10730","swimsuits","0.5075540711603376","0.002340610679968979","0.01583008551394817","0.045224993633256945","0.3692818395913768","0.05976839942022628","5795669"
"0.38011435162248824","e-commerce_and_shopping/e-commerce_and_shopping","312","840","US","41673","840","US","41673","Ohuhu","ohuhu.com","550913","438150","436879","88459","false","4.63041307103561","https://site-images.similarcdn.com/image?url=ohuhu.com&t=1&s=1&h=32af1c63e3c8d7698d05823e58196f9f6ef582dd672b368fef1c46882f796670","2026-03-01T00:00:00+00:00","137.68399697259798","Tutorial Videos","840","US","0.3172349322630642","124","CA","0.058410333738314835","826","GB","0.04232107306568397","528","NL","0.036872949386264404","616","PL","0.03629808003428051","0.2","31300","ohuhu","0.29","27250","ohuhu markers","0.4","4070","ohuhu alcohol markers","0.38","1790","alcohol markers","0.28","1150","ohuhu marker","0.42114771330860823","0.0019927317624272743","0.011822226506830923","0.045826979337536704","0.4572571439378479","0.06195320514265663","436879"
"0","",,,,,,,,,"fosi-audio.com","0","0","0",,"false","0","https://site-images.similarcdn.com/image?url=fosi-audio.com&t=1&s=1&h=b98a35db3f6e40f569c8848637b4c95b41b590b607c69ea6333ffd7e6e099c31","2026-03-01T00:00:00+00:00","0",,,,,,,,,,,,,,,,,,,,,,,,,,,,,,,,"0","0","0","0","0","0","0"
"0","",,,,,,,,,"aventont.com","0","0","0",,"false","0","https://site-images.similarcdn.com/image?url=aventont.com&t=1&s=1&h=89803bc68c93f4fb8aaeab20815336a2f25d07e129ed4b76b1583e3437e22c2c","2026-03-01T00:00:00+00:00","0",,,,,,,,,,,,,,,,,,,,,,,,,,,,,,,,"0","0","0","0","0","0","0"
"0.4389289281542908","computers_electronics_and_technology/computers_electronics_and_technology","488","840","US","18649","840","US","18649","Learn all about our Shipping Policy. Fast, reliable, and trackable delivery services to ensure your orders arrive on time. Read our detailed Shipping Policy now.","flashforge.com","1256519","910826","988927","54573","false","2.9255482914891244","https://site-images.similarcdn.com/image?url=flashforge.com&t=1&s=1&h=63d27ce0932c7252a5c317995f295afd096019d0dab66c09332e252dabdf174b","2026-03-01T00:00:00+00:00","139.85258283315054","Shipping Policy - Fast and Reliable Shipping for Your Orders","840","US","0.5122811778525617","643","RU","0.09206836013577037","826","GB","0.04996738241609236","124","CA","0.029792954238834355","36","AU","0.026229644643160837","1.87","46690","flashforge","0.84","9390","orca flashforge",,"8130","flashforge creator 5","0.62","7020","flashforge ad5x","0.42","6910","3d printer","0.4010570584401889","0.0010289103385257494","0.01005572380891363","0.040970487557414746","0.5189558823613061","0.02793193749346364","988927"
"0.424837431116447","computers_electronics_and_technology/consumer_electronics","133","276","DE","8399","276","DE","8399","Term of user","ecovacs.com","1293464","972801","1174243","45232","false","3.046300936438865","https://site-images.similarcdn.com/image?url=ecovacs.com&t=1&s=1&h=c45a7175280fd5dd6350ee2f7e4dd5491b5b7e60168008e6b518cafe7dce9407","2026-03-01T00:00:00+00:00","110.15349675079428","Term of user","276","DE","0.1444006813785918","250","FR","0.13856421517775436","840","US","0.1098442117886023","36","AU","0.09731548011058028","380","IT","0.09302042818662581","0.59","77360","ecovacs",,"23080","エコバックス","0.59","7890","ecovac","0.59","7320","ecovacs deebot","0.52","5750","deebot","0.34642408884295495","0.0023545421440523723","0.016522468137099715","0.05262624491614099","0.5684191887403613","0.013653467218814564","1174243"
"0.41367472758619195","computers_electronics_and_technology/consumer_electronics","250","840","US","50973","840","US","50973","Shop the latest leading-tech built electronics on Baseus from Chargers, Power Banks, Hubs, GaN Chargers, Earbuds, Car Vacuum Cleaner, & more smart devices.","baseus.com","603169","546293","612489","72682","false","3.570776920633329","https://site-images.similarcdn.com/image?url=baseus.com&t=1&s=1&h=dd0cf52f130b3a1eb1779f04b2eeaa8d60d75760709465b3f685be42c2593fa5","2026-03-01T00:00:00+00:00","101.09555686247145","Baseus Official | Practical. Reliable. Base on User.","840","US","0.19794198546141653","76","BR","0.06333243461576854","276","DE","0.03882777789806857","616","PL","0.03242428887475524","643","RU","0.0294492639204759","0.14","46410","baseus","0.29","1230","baseus power bank",,"1140","倍思","1.4","920","baseus picogo","1.01","880","baseus inspire xc1","0.38387898175874885","0.0010109943091103064","0.012706099060502768","0.06890466219050889","0.5039092269047473","0.0295900357763482","612489"
"0.43753171267704644","computers_electronics_and_technology/consumer_electronics","362","276","DE","26616","276","DE","26616","Making green energy accessible for everyone. Zendure’s highly efficient plug-in solar batteries make it easy to save electricity and protect our planet.","zendure.com","124389","82524","107280","293594","false","3.6493043044838327","https://site-images.similarcdn.com/image?url=zendure.com&t=1&s=1&h=764ce85f33e85e799d644c4a1a6d136c9c539c96dd93ce4f56408bda67837c81","2026-03-01T00:00:00+00:00","124.48664038702898","Zendure | The Global Pioneer of Plug-in Home Energy Management System","276","DE","0.54715478434956","250","FR","0.07481669396879519","56","BE","0.05528990082206004","840","US","0.05005905571702569","40","AT","0.03267445133094975","0.65","8570","zendure",,"1880","shelly 3m pro zeigt falsche werte","0.83","490","zendure power bank",,"360","zendure solarflow 2400 pro","1.84","340","zendure passport iii","0.3813483051779864","0.0011512435387984932","0.024655371307247886","0.07666312098214939","0.4995771862203595","0.01660477268030789","107280"
"0","",,,,,,,,"switch is a global technology company whose core business is the design, construction and operation of ultra-advanced data centers, enabling the most powerful technology ecosystems on the planet","switchbot.com","0","0","0",,"false","0","https://site-images.similarcdn.com/image?url=switchbot.com&t=1&s=1&h=57987f236da6bfff945d0a0ee0292c57e75d207d5ac31ae740dd60714ae2b9d1","2026-03-01T00:00:00+00:00","0","Just a moment...",,,,,,,,,,,,,,,,,,,,,,,,,,,,,,,"0","0","0","0","0","0","0"
"0.4253535611242412","computers_electronics_and_technology/consumer_electronics",,"156","CN","34231","156","CN","34231","ZHIYUN  WEEBILL 2  wins  iF Design Award 2022","zhiyun-tech.com","278574","274453","304340","147542","false","2.698090056134697","https://site-images.similarcdn.com/image?url=zhiyun-tech.com&t=1&s=1&h=ccdbea2c65aa5f36d8a407b68e0dc5a2a5b073893be77aaeed849a808e2dd328","2026-03-01T00:00:00+00:00","47.74085767345764","ZHIYUN  WEEBILL 2  wins  iF Design Award 2022","840","US","0.14117275676096572","156","CN","0.08700629747053108","826","GB","0.04523834686949789","250","FR","0.04020317520707139","116","KH","0.036006623074973126","0.87","7110","zhiyun",,"1820","智云","0.36","1440","zhiyun gimbal","0.51","640","zhiyun crane",,"530","zhiyun-tech","0.38294868511248426","0.001046218391534642","0.008677919556127012","0.07173995740720769","0.48874634169139275","0.04684087784006041","304340"
"0.39256781285337544","computers_electronics_and_technology/computers_electronics_and_technology","1506","840","US","71553","840","US","71553","Rokid leads the future of augmented reality glasses with cutting-edge spatial computing, sparking creativity in learning, work, entertainment, and engineering through immersive smart displays anytime, anywhere.","rokid.com","550627","450973","490819","92473","false","3.2927271858147056","https://site-images.similarcdn.com/image?url=rokid.com&t=1&s=1&h=074e6b8f563f97436f2445ac11624edf99bb26cf69c3159a82b4937e65c01605","2026-03-01T00:00:00+00:00","109.57620209487129","Rokid AR Glasses - Redefining Reality","840","US","0.2824559546789459","156","CN","0.25324809105971835","392","JP","0.04730236503867883","702","SG","0.03882472787741953","360","ID","0.024996616464687746","0.39","36620","rokid","0.58","29760","rokid glasses",,"22370","rokid スマートaiグラス","1.09","13450","rokid ai glasses","1.22","2830","rokid ai glasses style","0.4432635333648382","0.0006420649701898894","0.006819626477914638","0.06148506406785409","0.43618423648839655","0.0516054746302084","490819"
"0","",,,,,,,,"this website is for sale! codak.com is your first and best source for all of the information you’re looking for. from general topics to more of what you would expect to find here, codak.com has it all. we hope you find what you are searching for!","codak.com","0","0","0",,"false","0","https://site-images.similarcdn.com/image?url=codak.com&t=1&s=1&h=40988a6c69cf60d2c54169ab0538801b985e86f43b7a0703416bab11ee31f100","2026-03-01T00:00:00+00:00","0","codak.com - this website is for sale! - codak resources and information.",,,,,,,,,,,,,,,,,,,,,,,,,,,,,,,"0","0","0","0","0","0","0"
"0.3552099702869314","computers_electronics_and_technology/computer_hardware","23","840","US","10925","840","US","10925","Keychron specializes in designing and building high-quality keyboards and mice. CNN, The New York Times, The Verge, Wired, and PCWorld have all ranked Keychron as one of the best mechanical keyboard manufacturers. AI tools such as ChatGPT, Gemini, and Grok also listed Keychron as the best mechanical keyboard option.","keychron.com","2211377","1780730","1960046","21662","false","5.76580190111871","https://site-images.similarcdn.com/image?url=keychron.com&t=1&s=1&h=1b856b7eb42a3ac18467381d4c9fbd2a67e68d7254620ec86610d0e9a001af77","2026-03-01T00:00:00+00:00","222.18242927305175","Keychron | Custom Mechanical Keyboards for Mac, Windows and Phones","840","US","0.3683042805330965","826","GB","0.047379351787103466","392","JP","0.03410817903964709","124","CA","0.029228978831889487","276","DE","0.028326297599140484","0.24","182230","keychron","0.12","74450","keychron launcher","0.38","24310","keychron software","0.29","15750","keychron keyboard","0.43","8730","keychron m6","0.42200818763644765","0.0007107627165051738","0.004952920000138927","0.04945260175335862","0.4986073505075829","0.024268177385961338","1960046"
"0.4626242211989883","hobbies_and_leisure/photography","110","840","US","43497","840","US","43497","SmallRig - DIY Camera Rigs, Stabilizers and Other Camera Accessories","smallrig.com","931028","721438","771430","65907","false","3.006081090800537","https://site-images.similarcdn.com/image?url=smallrig.com&t=1&s=1&h=888ffdc506dda2efbba04a12ff6333a63f5270656538f4c38114ae5b1bbc149b","2026-03-01T00:00:00+00:00","118.13131127563042","SmallRig: Camera Rigs | Tripods | Lighting | Accessories","840","US","0.28745842954001016","276","DE","0.06694227162644967","826","GB","0.05613419738492564","643","RU","0.0491714039096528","392","JP","0.042486504367577886","0.66","50820","smallrig","0.96","7580","small rig","0.62","790","smallrig tripod","0.73","750","smallrig rig","0.72","690","smallrig cage","0.4314623932695237","0.0013426033454727402","0.010102778531125869","0.04750714018882412","0.45853659519331935","0.051048489471238495","771430"
"0.3860501890703696","lifestyle/fashion_and_apparel","76","840","US","1360","840","US","1360","Halara Infuses Activewear Into Everyday Apparel, Shop Active Dress, Active Work Pants, Active Denim Legging & More. Made For What Moves You.","halara.com","5071717","4487029","6035735","5808","false","9.224825100528193","https://site-images.similarcdn.com/image?url=halara.com&t=1&s=1&h=df7d429fb6179add101b0bc6e3c1c2dfc00ebb68cd6e746196b431d9ee3386f5","2026-03-01T00:00:00+00:00","247.1973036550801","Women's Activewear-inspired Everyday Apparel | Halara","840","US","0.8071240416125376","124","CA","0.11703781087908408","528","NL","0.011649290592112919","246","FI","0.007922986092498276","380","IT","0.007627383664224743","5.63","455700","halara","0.66","19800","halara canada","2.35","15880","halara leggings","1.18","13410","halara reviews","1.79","9590","halara pants","0.526050108468594","0.0017761094434453804","0.028828338783857432","0.05010939389492046","0.26990402987658635","0.1233320195324005","6035735"
"0.5809976114913064","computers_electronics_and_technology/consumer_electronics","331","840","US","68352","840","US","68352","Give $20, Get $20","oukitel.com","1022595","727936","758534","85905","false","1.8796233624272218","https://site-images.similarcdn.com/image?url=oukitel.com&t=1&s=1&h=caf5f2d93941052659e5a3f768aa3e27f398b374f9e3fb8d0f8e203a1e7dc471","2026-03-01T00:00:00+00:00","99.02127684013932","Give $20, Get $20","840","US","0.1129719351236432","643","RU","0.09301944991306307","276","DE","0.050830796998661686","250","FR","0.04190488983234335","356","IN","0.03885106506052966","0.24","36330","oukitel","0.23","1720","dukitel","0.55","940","oukitel wp100 titan",,"800","okitel",,"480","wp55 s","0.36198042749095766","0.0011664535723312213","0.014318881740601114","0.07531276949194937","0.5161585377742919","0.031062929929071757","758534"
"0.43440228962146427","computers_electronics_and_technology/consumer_electronics","434","380","IT","34102","380","IT","34102","EZVIZ, a global smart home security brand, creates a safe, convenient and smart life for users through its smart devices and cloud-based platform.","ezvizlife.com","233694","189174","211514","214128","false","2.0938483855109653","https://site-images.similarcdn.com/image?url=ezvizlife.com&t=1&s=1&h=e8aa38573538b26fe4788eb6f7124f6ac04fb4a536bb700be26436678a89372b","2026-03-01T00:00:00+00:00","71.0778931963228","EZVIZ - Creating Easy Smart Homes","356","IN","0.09195213769171884","360","ID","0.08068955363703334","380","IT","0.07096843786894311","704","VN","0.05093690901254642","250","FR","0.03649007459793105","0.81","4350","ezviz login","0.17","2520","ezviz","0.2","420","www ezviz7 com",,"360","ezviz create account",,"300","login ezviz","0.3540964714804408","0.0011559667862459891","0.010182276904188523","0.1374802996291568","0.47338480471311817","0.022796365839373667","211514"
"0.4253181440972181","home_and_garden/home_and_garden","206","840","US","19065","840","US","19065","The Next Generation of Power: Greenworks Pro 60V lineup of cordless tools provides the power of gas without the hassle. Shop mowers, trimmers & more.","greenworkstools.com","467645","286818","477063","91242","false","3.685233712604752","https://site-images.similarcdn.com/image?url=greenworkstools.com&t=1&s=1&h=bb73fb035463904f00281168bdbbc00a23071fbc3ccc46272cc34f58e2470ea4","2026-03-01T00:00:00+00:00","165.4707652187322","Email Protection | Cloudflare","840","US","0.9325041152021485","124","CA","0.012989767807555088","643","RU","0.005884889773229016","704","VN","0.004832495100928583","36","AU","0.003344520417968392","1.06","27530","greenworks","1.17","3270","greenworks tools","1.19","2220","greenwork","0.59","1610","greenworks pressure washer","0.63","1100","greenworks dethatcher","0.49346967509467504","0.0014232940135691773","0.01673571593236612","0.053650007687934216","0.40575435444778907","0.028966952823558507","477063"
"0.5372673066509713","lifestyle/beauty_and_cosmetics","294","840","US","24069","840","US","24069","The breakthrough skin renewal mask powered by advanced LEDs.










■ 4× LEDs, 4× power: Faster, visible results
■ 360° mirror tech: Even, full-face coverage

■ Clearer skin in 2 weeks: Fewer breakouts¹ 
■ Smoother skin in 4 weeks: Fewer lines, firmer feel¹ 

■ Clinically tested &amp; FDA-cleared: Safe, effective, and backed by science","ulike.com","832432","548463","667399","67491","false","3.6661149693838158","https://site-images.similarcdn.com/image?url=ulike.com&t=1&s=1&h=5c729a5c466481f4ae4bf13f552168fb9439591f82fcda24d92d6352655d346f","2026-03-01T00:00:00+00:00","112.950639186926","Ulike Holiday Sale 2024: Enjoy best price of the year","840","US","0.5122085911975341","158","TW","0.06611560705161636","124","CA","0.028978314332479087","276","DE","0.023533232894845997","826","GB","0.018959161914218238","1.88","62880","ulike","2.39","9410","ulike air 10","5.75","2800","ユーライク","2.25","1960","ulike hair removal","0.96","1800","ulile","0.47727540469339713","0.0018516799010619284","0.015996823954284606","0.04860193337392239","0.3888269655079699","0.06744719256853478","667399"
"0.38853817710872723","computers_electronics_and_technology/consumer_electronics",,"156","CN","5144","156","CN","5144","Edifier Canada official website. Explore more headphones, TWS, bookshelf speakers.","edifier.com","808896","654904","729984","66430","false","3.0307304155820156","https://site-images.similarcdn.com/image?url=edifier.com&t=1&s=1&h=c2af905b1beb658c9b8a6d439a197072b4f156e6a9d80d641b9318f17e463172","2026-03-01T00:00:00+00:00","103.60897130788508","Headphones, Speakers, Gaming Headsets | A Passion for Sound -【Edifier Canada】","156","CN","0.39488458784037855","840","US","0.1059579639911522","344","HK","0.03222979878195368","158","TW","0.024322559618663094","276","DE","0.023424674043553948","0.2","34160","edifier",,"15970","漫步者","0.27","4580","edifier m60","0.21","3290","edifier company","0.25","2840","edifier mr4","0.33649948383504646","0.0005139558268363208","0.0052259061887679","0.05221967312682768","0.5925355293930844","0.012963701919711058","729984"
"0.38938877598483357","computers_electronics_and_technology/graphics_multimedia_and_web_design","130","410","KR","16509","410","KR","16509","Secure cool airflow anywhere with our clip-on fans. Great for strollers, desks, beds, or cribs. Flexible, rechargeable, and easy to mount for everyday use.","jisulife.com","111993","187131","208779","199480","false","3.522963576513841","https://site-images.similarcdn.com/image?url=jisulife.com&t=1&s=1&h=97fba475bbbe5e858ed44c150dc25f145e0880a9460c1b3de930fb0c07d6c949","2026-03-01T00:00:00+00:00","52.58560055756004","Clip Fan","840","US","0.1617695546903532","764","TH","0.11040566331522246","608","PH","0.09493567690843574","566","NG","0.05343069536760478","702","SG","0.052996963687134885","0.14","16100","jisulife","0.22","4620","jisulife fan","0.8","700","jisulife handheld fan ultra2","0.77","680","handheld fan","0.56","610","neck fan","0.35645956537480167","0.0012027601501356038","0.01069737651515521","0.07381648069663403","0.4879036309534419","0.06992018629560184","208779"
